LAT,LON
-16.7573,-49.4412
-18.4831,-47.3916
-16.197,-48.7057
-1.72183,-48.8788
-19.1551,-45.4444
-7.34588,-39.0416
-8.72073,-39.1162
-23.3049,-50.3133
-13.2488,-41.6619
-4.95333,-48.3933
-20.2996,-42.4743
-7.90072,-34.8984
-9.62101,-49.1518
-20.359,-43.1439
-11.6575,-38.0197
-4.22083,-38.7055
-2.88769,-40.1183
-6.4282,-36.6347
-1.95383,-48.1985
-8.21954,-41.0831
-6.08911,-39.448
-15.194,-56.3632
-17.396,-50.3749
-21.682,-51.0737
-16.4127,-50.1657
-21.2325,-49.6451
-24.6606,-48.9922
-10.5437,-38.1113
-7.74312,-37.631
-5.49229,-36.5075
-20.0778,-41.1261
-4.13631,-43.3275
-8.51136,-41.0095
-0.154874,-50.3861
-8.45966,-35.9447
-5.79676,-42.6664
-20.9439,-45.3915
-22.0572,-46.9735
-22.4694,-48.9863
-7.0918,-38.1681
-6.55409,-47.4702
-19.5007,-41.0746
-14.1269,-39.8937
-6.57122,-40.1178
-21.9736,-44.6042
-22.171,-44.6413
-7.03943,-35.6206
-7.05377,-35.7591
-6.94657,-35.5332
-8.4665,-36.7788
-7.00039,-40.9282
-12.1335,-38.4208
-23.5503,-47.898
-22.2018,-46.6139
-7.73668,-36.0511
-18.3255,-53.7042
-17.5195,-39.2036
-2.39574,-44.4062
-3.58537,-40.5479
-4.62621,-43.4689
-20.758,-41.5382
-7.24196,-40.8566
-1.94623,-54.7384
-6.40533,-38.0142
-16.0834,-48.5076
-21.4256,-45.9477
-20.6396,-40.7543
-21.9527,-51.414
-21.1535,-43.7718
-6.89292,-36.0129
-7.42977,-34.9057
-7.60398,-35.2227
-11.3056,-48.9361
-14.7089,-39.6415
-11.5706,-47.1792
-1.52904,-52.5788
-16.1785,-40.6942
-6.1475,-37.7636
-17.7292,-49.4769
-18.974,-41.97
-20.8631,-46.3878
-9.86674,-56.0867
-11.9283,-61.9953
-20.5242,-49.0571
-3.20407,-52.21
-4.16598,-45.4706
-6.99837,-39.7356
-21.2488,-46.1387
-8.48482,-36.0644
-21.0214,-47.3712
-21.5811,-50.168
-4.213,-44.446
-3.66689,-45.8421
-12.132,-61.835
-17.3153,-53.2181
-11.6732,-51.3883
-20.431,-41.8738
-16.9462,-53.5272
-14.1978,-49.3378
-20.4208,-41.967
-5.25634,-42.2096
-14.5137,-56.4776
-23.1312,-52.3189
-14.1305,-47.51
-9.10273,-45.9303
-24.0224,-53.44
-21.0281,-43.4067
-19.0618,-41.0209
-5.50894,-38.2743
-17.8241,-53.2792
-5.28186,-36.75
-5.03888,-42.4612
-23.8759,-53.8958
-23.5306,-47.2546
-19.4174,-41.7317
-3.22727,-64.8007
-22.4435,-49.7623
-20.1098,-43.0535
-12.4785,-49.1249
-11.3463,-62.2847
-18.7334,-43.3638
-8.42418,-43.777
-14.4797,-46.491
-22.7813,-51.2297
-21.8797,-42.7176
-23.1058,-55.2253
-23.0943,-52.7866
2.05267,-50.7957
-1.67524,-46.0024
-8.37691,-35.4501
-13.9236,-49.2962
-6.24304,-42.8433
-5.56913,-46.7473
-13.0215,-39.602
-22.7374,-47.3331
-16.2514,-49.9831
-3.36017,-39.8288
-16.6151,-51.0919
-7.55502,-37.0628
-10.1348,-36.935
-20.5051,-42.8009
-12.3914,-38.7563
-11.4429,-41.439
-21.7288,-48.1147
-20.2985,-49.7359
-9.68489,-36.3078
-14.6151,-41.1356
-3.26269,-44.6126
-0.996811,-49.9354
-22.1289,-47.6619
-3.56697,-61.3963
-1.36391,-48.3743
-6.36437,-48.0735
-3.46985,-51.2003
-3.67577,-43.1014
-20.4823,-55.8104
-22.1852,-52.7191
-20.7955,-40.6425
-12.8049,-41.3297
-23.0533,-50.2304
-10.3482,-39.8391
-22.0695,-46.5724
-20.8948,-51.3786
-21.7411,-44.3117
-8.88429,-36.2902
-17.7279,-42.2641
-12.0063,-44.7003
-6.08786,-42.74
-6.39179,-47.8611
-5.65792,-36.6094
-23.0011,-44.3196
-12.1462,-39.2462
-22.1527,-53.7708
-18.3339,-48.2204
-22.793,-48.1336
-22.2934,-51.3895
-16.4642,-49.9617
-3.74603,-61.6575
-10.3856,-38.3401
-25.4386,-48.7191
-6.76919,-39.987
-7.21276,-44.1889
-12.4335,-39.1176
-21.321,-43.7451
-27.5191,-48.766
-19.6491,-42.8732
-10.5767,-40.2785
-22.1927,-55.9517
-6.21367,-37.8834
-21.0192,-42.1109
-16.3281,-48.953
-9.18564,-43.0494
-6.78466,-38.0803
-20.4487,-50.8835
-16.8198,-49.2469
-18.2941,-51.1516
-9.94139,-47.9638
-20.0873,-51.0961
-21.6252,-42.1017
-21.1523,-41.5693
-9.53981,-57.4587
-5.65349,-37.7946
-11.6577,-38.0814
-18.9607,-51.9232
-13.8542,-39.7501
-23.55,-51.4635
-3.94506,-39.4359
-7.19409,-59.896
-10.278,-37.0148
-20.4666,-55.7868
-3.89929,-38.3896
-10.9091,-37.0677
-4.55826,-37.7679
-14.428,-41.4648
-11.3253,-38.9584
-21.3446,-43.3736
-4.36872,-38.8125
-19.82,-40.2764
-15.8955,-52.2372
-16.9087,-49.4476
-7.16005,-48.5291
-8.80755,-49.5569
-15.7291,-51.8341
-16.857,-53.0318
-6.58225,-48.6395
-2.94644,-45.6589
-15.0909,-50.6315
-18.6456,-48.1934
-5.64659,-48.1232
-12.9289,-49.8231
-7.19238,-48.2044
-2.89091,-41.905
-22.9385,-55.6334
-12.0884,-38.4969
-4.88347,-46.0032
-20.0882,-47.7873
-23.1386,-49.0487
-21.9102,-44.2555
-22.6717,-44.4441
-9.75487,-36.6615
-7.65463,-49.0637
-20.6686,-42.5178
-23.4153,-51.4259
-18.4357,-49.1847
-15.4641,-58.3425
-19.0268,-46.1484
-24.3132,-51.7856
-26.3754,-48.7188
-6.82813,-35.7552
-21.7845,-48.178
-22.3572,-47.3842
-4.74567,-40.831
-3.45214,-44.7665
-7.21319,-40.1359
-7.57073,-40.494
-22.8697,-42.3326
-6.54848,-35.7498
-23.9315,-52.5021
-15.2651,-39.419
-4.41229,-39.0471
-13.0716,-39.0038
-11.2614,-37.6201
-19.5902,-46.9438
-6.84374,-35.3737
-23.4366,-47.0608
-12.22,-38.2027
-21.2076,-50.4401
-19.1955,-44.2493
-7.78391,-35.0809
-16.3563,-49.6804
-16.8523,-42.0637
-19.9405,-45.1671
-21.359,-46.9401
-21.7728,-50.466
-20.2863,-45.5373
-8.41519,-37.0577
-21.3572,-46.1421
-22.2283,-43.1118
-22.031,-48.9135
-6.96396,-35.6977
-4.95254,-37.1252
-10.758,-37.3251
-7.11702,-36.9404
-7.04789,-35.9313
-22.5786,-44.6992
-22.6672,-48.6681
-14.4472,-56.8437
-16.3837,-51.5563
-21.6083,-42.8292
-17.8666,-42.5533
-15.9187,-46.1043
-10.1723,-59.4568
-9.90571,-63.0325
-21.1872,-48.7904
-24.3857,-51.5839
-6.3165,-40.1653
-6.11022,-41.7822
-7.54473,-35.7066
-7.24502,-41.5325
-6.65075,-42.5418
-22.9774,-42.0267
-12.9287,-46.9359
-22.5727,-47.1727
-14.9166,-51.075
-23.3965,-46.32
-6.18831,-35.1608
-20.16,-50.728
-6.8669,-39.8689
-23.3697,-50.8459
-22.66,-50.4183
-24.4168,-53.5213
-7.07231,-36.725
-5.865,-41.0389
-21.3184,-42.8572
-23.2318,-51.6668
-9.5119,-36.0086
-23.1517,-52.0551
-18.0438,-41.1149
-20.913,-41.1986
-5.46863,-47.8863
-1.05109,-46.6147
-5.86206,-37.3135
-18.0997,-44.2655
-14.321,-39.329
-20.6836,-50.5572
-16.6773,-50.4641
-6.93349,-38.9742
-2.14898,-47.5677
-12.7105,-46.4076
-3.58574,-59.1256
-21.4584,-49.9509
-22.1514,-49.3356
-3.60841,-55.3199
-10.1345,-43.9563
-16.4672,-49.7579
-2.83939,-44.062
-5.61275,-47.7701
-4.94714,-47.5004
-5.58362,-36.914
-19.0671,-42.5419
-7.20923,-47.7613
-4.22447,-44.7832
-2.96452,-44.3164
-1.6965,-45.1328
-2.71,-44.7329
-20.9197,-49.4385
-21.957,-44.8874
-1.90057,-50.1987
-12.3016,-44.5388
-11.9519,-40.169
-7.84903,-45.219
-6.71945,-38.7134
-19.5213,-41.0109
-2.79021,-49.6694
-21.8963,-49.3619
-19.2832,-43.9613
-16.1966,-52.5393
-28.9806,-49.4237
-26.9926,-48.6352
-7.53214,-46.0372
-20.0166,-45.9754
-5.30454,-38.9132
-22.6819,-44.3281
-6.74775,-35.6246
-15.8783,-40.5622
-21.7308,-46.3833
-23.1078,-50.3704
-19.9275,-54.3585
-7.75612,-48.5836
-7.34779,-50.3959
-10.5788,-38.6212
-5.06977,-37.6129
-6.63484,-36.2601
-21.2214,-43.7703
-7.2982,-39.3021
-21.2657,-49.9518
-24.0334,-52.004
-1.51187,-48.6195
-5.94284,-35.9247
-0.983373,-62.9311
-22.073,-48.7438
-11.0859,-43.1459
-22.4909,-48.5583
-6.51645,-42.1146
-20.2869,-43.0402
-22.5481,-44.1752
-13.6237,-41.3347
-8.42075,-35.6585
-6.71816,-36.0671
-7.51809,-35.9913
-9.4023,-35.5101
-18.7548,-40.8965
-7.74603,-36.3209
-9.83842,-35.9057
-15.0702,-57.1878
-14.8654,-40.5791
-5.49682,-45.2485
-15.8804,-52.264
-23.116,-50.1842
-11.81,-42.059
-7.69593,-47.6776
-22.4715,-43.8269
-14.2,-39.5991
-10.8996,-37.0323
-4.24468,-42.2922
-4.28921,-38.6429
-12.1439,-44.9968
-9.9296,-45.4702
-2.79886,-57.0679
-2.75863,-42.8232
-8.81605,-35.1832
-20.5531,-48.5698
-21.1864,-48.1636
-7.17188,-38.7741
-11.7605,-41.9054
-14.9658,-48.9086
-5.81673,-42.5147
-14.7948,-39.476
-11.5272,-39.0776
-9.83404,-48.7252
-3.02051,-41.1358
-21.1907,-43.972
-23.5057,-46.879
-23.6284,-49.5634
-19.9389,-43.4755
-6.74463,-43.0261
-16.2067,-55.9623
-21.2444,-42.2372
-21.921,-50.7357
-21.7159,-52.4221
-4.0223,-42.0787
-9.6742,-37.133
-20.8929,-47.5921
-22.2944,-53.2705
-4.32598,-38.8812
-22.3246,-49.0871
-7.1238,-34.9293
-6.69209,-34.9381
-20.9491,-48.4791
-4.17741,-38.1271
-3.04996,-40.1671
-22.1073,-56.5263
-16.9693,-48.9513
-19.8302,-43.0922
-3.72618,-45.3075
-22.9937,-51.1927
-7.98809,-41.8675
-22.764,-43.3992
-21.944,-43.4084
-15.8608,-38.8758
-15.0334,-41.2652
-19.9102,-43.9266
-8.3313,-36.4258
-9.82272,-37.277
-19.2199,-42.4828
-20.4077,-44.0275
-2.63609,-54.9374
-3.15485,-43.5122
-1.4554,-48.4898
-6.74261,-35.5166
-9.57047,-36.4904
-8.62504,-35.8335
-6.18515,-37.5348
-7.36652,-40.9688
-8.75046,-38.9623
-5.45676,-42.3638
-7.21037,-44.5577
-1.36183,-48.2434
-5.69906,-35.813
-21.2686,-50.814
-2.44162,-44.7842
-16.9567,-42.4606
-15.61,-41.7432
-6.44572,-38.5521
-7.87481,-48.8893
-4.62666,-44.7608
-7.63338,-43.9498
-17.059,-40.58
-3.89874,-61.3616
-19.9668,-44.2008
-8.26787,-38.0345
-8.14376,-40.7989
-8.2328,-35.796
-21.602,-43.7574
-21.7232,-43.056
-27.496,-48.6598
-21.404,-50.4746
-18.7754,-45.4974
-21.291,-50.3432
-23.5698,-46.0407
-11.6072,-38.8051
-21.0927,-45.5612
-18.5395,-40.3025
-24.2467,-52.7876
-21.9918,-48.3906
-4.41404,-42.1357
-14.3598,-40.2064
-7.40982,-38.2113
-24.8688,-51.6276
-5.11258,-39.7337
2.82384,-60.6753
-7.26365,-36.2357
-1.77614,-46.3002
-2.97409,-57.5873
-12.6498,-40.6064
-9.64308,-36.2125
-6.94124,-41.3168
-22.1365,-48.523
-22.1697,-44.3972
-17.1135,-43.8104
-7.77759,-39.9338
-20.537,-56.7127
-5.98027,-36.4167
-23.1055,-48.2582
-9.16919,-36.6857
-19.7386,-45.2622
-3.54129,-45.606
-7.79695,-35.5784
-16.2063,-52.1728
-21.9479,-44.1885
-9.07124,-44.359
-5.98648,-35.5792
-6.81601,-38.6453
-13.2506,-43.4108
-21.0148,-46.5174
-14.3663,-40.5126
-4.47638,-46.8641
-18.2173,-49.74
-19.7054,-43.4782
-12.1706,-51.5032
-19.836,-42.3165
-21.1449,-41.6822
-21.1173,-41.6731
-5.0424,-48.6047
-8.96306,-48.165
-4.37311,-45.0326
-3.19631,-41.6403
-6.44176,-37.9234
-21.0329,-44.7537
-23.7063,-51.7671
3.36161,-59.8333
-20.3302,-44.2366
-9.1605,-42.8865
-16.6173,-48.9616
-16.568,-45.9839
-12.7069,-41.8286
-1.36745,-47.3066
-8.47163,-35.7292
-11.9668,-41.2647
-21.1261,-56.4836
-15.3231,-44.7543
-7.31341,-38.5133
-13.6329,-49.8106
-7.487,-36.1309
-4.48181,-42.1212
-11.1397,-37.6195
-12.8205,-42.7324
-22.1926,-48.7808
-4.39154,-59.5874
-6.80199,-35.6187
-21.6214,-49.0741
-22.2707,-46.1653
-22.5728,-48.9707
-23.9366,-51.5875
-22.2696,-50.5409
-21.6412,-46.391
-16.8657,-43.0086
-13.3772,-42.5163
-1.06126,-46.7826
-9.23342,-36.0162
-3.29792,-52.534
-4.1337,-41.7859
-21.2544,-52.0365
-16.9999,-46.0081
-24.1978,-53.5275
-8.38918,-48.4822
-12.1474,-57.9833
-15.7795,-47.9297
-16.2104,-44.4299
-16.4281,-49.3863
-21.499,-50.3175
-19.0562,-42.7099
-20.1395,-41.2954
-6.18566,-35.3591
-7.34694,-37.2865
-11.0058,-48.5683
-3.67796,-42.7527
-21.1651,-50.1861
-10.4297,-36.4611
-5.69822,-48.4103
-7.48469,-38.9799
-8.14933,-36.3741
-4.334,-45.581
-6.34185,-37.4943
-8.20314,-42.8229
-6.37065,-37.8253
-12.4815,-43.9679
-9.02915,-36.566
-13.1039,-39.7988
-3.77191,-49.5735
-1.68036,-50.4791
-15.2428,-51.1602
-20.9845,-47.6572
-22.2795,-48.1251
-11.9915,-42.6326
-20.151,-44.2007
-14.2021,-41.6696
-20.8419,-43.2406
-7.72449,-35.3182
-17.8744,-44.1775
-14.9595,-39.3028
-19.4231,-42.2552
-1.51762,-48.0381
-21.0661,-50.1475
-3.94169,-42.9179
-18.1378,-49.0404
-5.83239,-43.8353
-16.1792,-50.4302
-5.31448,-48.2271
-3.18259,-41.8695
-5.30584,-41.0933
-4.32375,-46.4409
-14.4772,-46.4076
-10.7171,-43.6302
-5.59823,-47.0131
-10.1943,-63.8324
-15.6218,-46.4221
-20.1911,-47.7096
-17.3656,-44.9606
-8.61954,-37.1606
-20.7348,-49.5865
-3.31537,-61.2206
-7.51351,-34.9055
-22.6368,-54.8209
-14.9699,-40.4092
-7.48899,-36.287
-12.5317,-39.1902
-16.0335,-47.0862
-15.7995,-46.9265
-4.4773,-42.3069
-13.4945,-60.552
-22.8894,-42.0286
-21.4699,-46.3919
-8.28218,-35.0253
-23.3053,-47.1362
-8.50548,-39.3094
-22.4576,-49.3393
-10.349,-62.9043
-12.5994,-38.9587
-18.7618,-50.9432
-18.5161,-49.5039
-18.4859,-49.4766
-2.93074,-44.0528
-22.6665,-45.0154
-19.521,-44.4544
-16.6635,-50.646
-15.9688,-41.4948
-1.01226,-48.9503
-1.75974,-46.5459
-6.91353,-38.676
-22.4658,-42.6523
-6.1156,-47.9234
-8.48668,-36.2402
-20.8462,-41.1198
-7.12128,-37.1563
-6.6386,-35.7778
-7.20721,-37.0604
-9.40121,-36.9911
-11.4343,-61.4562
-21.528,-46.6437
-14.5003,-42.2229
-14.3347,-40.9175
-19.2971,-44.4189
-14.0684,-42.4861
-19.8826,-43.6704
-8.7803,-36.6268
-11.6914,-41.4688
-22.789,-51.7142
-21.8031,-49.6092
-23.9005,-53.5124
-22.0127,-51.2394
-20.6956,-41.9292
-16.9539,-51.8091
-6.45441,-37.1067
-23.3607,-46.7397
-13.4904,-39.0465
-21.8322,-51.9969
-6.62115,-35.4581
-5.07091,-36.0717
-5.76541,-35.9938
-23.355,-46.8781
-2.87326,-44.6741
-3.32742,-45.0145
-6.88004,-38.5577
-6.79667,-42.3903
-6.96016,-37.8009
-20.8773,-48.8063
-9.3994,-36.1559
-2.93111,-41.3408
-20.7903,-42.7925
-21.2749,-47.303
-21.9183,-46.3843
-7.1025,-35.3272
-17.7441,-48.6246
-16.7117,-49.0013
-11.0208,-40.2956
-7.3314,-40.6366
-23.6566,-51.3574
-7.93551,-38.1482
-8.73108,-36.3366
2.50475,-50.9512
-15.4142,-39.4919
-20.6294,-45.1593
-7.88503,-36.8242
-13.9398,-39.1071
-19.5347,-54.0431
-8.02351,-34.9782
-12.6996,-38.3263
-23.0423,-50.0753
-23.589,-51.5792
-27.0241,-48.6503
-21.5691,-41.9187
-21.854,-45.2896
-23.2766,-51.2798
-2.24295,-49.4979
-2.9005,-40.8544
-8.35865,-35.7653
-21.836,-45.4004
-18.2427,-41.7355
-8.84723,-35.5685
-21.7079,-46.2381
-16.7624,-49.695
-6.17075,-47.3625
-7.22196,-35.8731
-19.5382,-49.4862
-22.9053,-47.0659
-7.6593,-41.8775
-13.787,-48.5704
-14.3137,-49.1511
-14.5162,-52.893
-9.78451,-36.3525
-17.6363,-47.7768
-9.52221,-43.0126
-8.38236,-41.8344
-16.5028,-44.8096
-20.8932,-45.2699
-19.7631,-48.5716
-10.5105,-40.32
-9.95542,-36.7926
-20.4486,-54.6295
-7.12827,-41.0315
-3.80441,-42.64
-23.2078,-46.7889
-16.2971,-49.0895
-4.8217,-42.1641
-24.0463,-52.378
-10.5712,-63.6266
-13.6587,-57.8907
-6.23829,-36.1888
-15.545,-55.1626
-10.7392,-37.4954
-21.1127,-45.8273
-19.6914,-46.1725
-13.035,-46.7681
-21.237,-45.7569
-7.98956,-46.8645
-22.602,-49.9987
-7.06761,-40.3687
-14.2442,-49.6528
-13.7242,-59.2858
-21.7622,-41.3181
-7.40545,-35.2664
-21.0232,-45.1801
-11.0556,-51.8209
-25.0144,-47.9341
-9.11932,-37.5967
-11.6858,-41.7677
-13.5515,-52.2705
-7.68821,-43.7233
-15.6722,-38.9536
-20.6869,-42.6167
-6.49659,-49.8776
-11.8049,-39.1203
-12.6716,-38.5472
-20.7692,-45.2765
-14.4097,-42.8667
-27.2616,-48.7658
-6.37193,-35.1281
-10.1365,-36.9806
-8.87652,-36.1979
-4.35162,-39.3155
-9.64882,-37.7923
-23.004,-49.7839
-10.6647,-39.4944
-18.5248,-42.6223
-21.9797,-42.3664
-3.63757,-44.383
-8.1111,-42.9517
2.60994,-60.6058
-9.90014,-39.1471
-13.0725,-44.201
-18.7212,-49.2035
-1.20529,-47.1778
-20.5289,-41.9061
-9.41504,-36.0826
-10.5069,-37.0628
-20.9179,-43.622
-11.6658,-39.8349
-17.6888,-42.5147
-20.6163,-47.0571
-6.91624,-35.1673
-19.5471,-44.1304
-11.3797,-40.0089
-4.7236,-44.328
-18.6862,-49.5706
-4.45569,-38.9048
-19.0748,-41.8614
-16.3265,-43.7084
-8.49655,-41.814
-1.74785,-47.0629
-4.457,-41.944
-20.6164,-46.0493
-22.9951,-47.5071
-8.73423,-36.6306
-20.1703,-42.2683
1.82766,-61.1304
-9.27933,-43.329
-22.011,-57.0277
-23.6125,-45.4125
-20.8707,-43.7417
-20.9566,-43.811
-20.7343,-42.0313
-22.1821,-41.663
-23.5235,-46.8407
-19.7868,-42.1292
-4.88161,-66.9086
-17.7268,-39.2597
-17.1862,-41.7004
-14.7177,-41.2603
-5.78387,-37.5586
-7.72049,-36.492
-3.47525,-41.8425
-17.5255,-43.0137
-11.9472,-37.9469
-20.08,-49.9183
-21.4846,-41.6165
-3.76803,-60.369
-3.314,-59.5557
-20.2632,-40.4165
-4.22514,-39.1912
-7.73435,-40.9848
-14.2985,-43.7724
-10.3524,-37.7002
-11.8881,-49.1609
-7.02808,-39.2828
-3.94858,-40.476
-6.52428,-39.4916
-9.94912,-55.8417
-17.6973,-40.7723
-23.4269,-49.7235
-21.931,-42.6046
-21.4633,-45.2201
-20.5575,-44.8735
-22.1204,-45.1307
-20.1912,-44.7664
-18.991,-46.3167
-20.9736,-46.1149
-15.3549,-49.708
-7.03262,-48.3978
-19.0877,-43.1382
-10.6449,-36.9887
-20.5396,-44.6336
-5.34181,-36.8335
-4.15985,-40.9413
-8.31799,-38.7512
-7.79342,-37.7946
-6.55015,-36.5868
-19.6987,-50.6894
-9.48476,-37.3773
0.884203,-59.6959
-7.33584,-47.4634
-7.84566,-35.2514
-21.4898,-44.6446
-7.03414,-38.3399
-5.31415,-48.0314
-8.28455,-35.9699
-1.19696,-46.0085
-22,-44.4632
-21.7735,-45.8421
-21.7708,-47.0852
-20.7925,-43.9343
-9.16408,-40.974
-18.5772,-47.8716
-4.12967,-38.2412
-9.27612,-49.9521
-22.4812,-42.2066
-7.74084,-35.7206
-6.77954,-35.8179
-19.1179,-51.7313
-1.29797,-47.9167
-11.1251,-58.6081
-11.4253,-61.9482
-20.6033,-41.2031
-5.31869,-41.5499
-18.0921,-50.203
-20.8689,-51.4884
-12.7579,-39.4248
-21.3924,-42.6896
-18.1656,-47.944
-21.1314,-48.977
-6.12291,-39.8736
-20.0734,-43.4061
-20.6901,-43.4939
-8.67509,-35.7024
-21.0519,-49.0616
-7.12008,-37.6064
-12.31,-44.8648
-6.34062,-37.747
-12.3513,-38.3791
-17.3018,-41.5276
-4.64336,-40.2
-13.3239,-42.2904
-16.4447,-49.4936
-7.41659,-36.0306
-15.3616,-42.9627
-3.72797,-38.6619
-13.7976,-47.4566
-21.9753,-44.9319
-4.86505,-43.3617
-3.41904,-41.8955
-18.5594,-51.1328
-11.0677,-40.432
-5.64323,-35.4247
-2.00027,-44.5281
-20.9009,-49.2664
-6.60034,-39.0609
-7.71179,-39.2367
-10.2534,-36.8856
-19.1458,-45.712
-8.96103,-47.3304
-22.8188,-51.5973
-11.1376,-42.1116
-18.7612,-41.3143
-2.19831,-44.8254
-18.5852,-49.2014
-2.12696,-46.1228
-2.44891,-46.0345
-13.187,-60.8168
-15.3061,-49.6
-23.1665,-47.7459
-6.03503,-36.3503
-23.226,-47.9545
-16.9718,-49.7758
-20.0453,-41.6897
-15.3014,-45.6116
-11.6175,-47.7486
-10.1419,-49.1403
-17.0881,-42.5392
-15.4643,-55.7499
-3.73875,-43.3538
-18.4073,-52.549
-18.788,-52.6263
-22.5096,-47.7755
-3.03571,-41.2435
-23.0366,-49.7096
-0.164154,-49.987
-21.9996,-43.0617
-4.28873,-38.4986
-8.9695,-39.0979
-4.83906,-39.1344
-12.5611,-60.8877
-21.6733,-43.215
-8.23827,-35.4571
-9.2556,-36.2983
-8.00679,-35.204
-23.6599,-52.6054
-23.3772,-52.9436
-16.0765,-47.9252
-5.17465,-47.7781
-20.9026,-43.3629
-11.1032,-38.5179
-20.397,-47.2768
-17.082,-44.2061
-21.5604,-50.4525
-11.5075,-54.8835
-20.4437,-44.7673
-14.637,-39.5556
-4.09412,-63.1441
-3.47279,-41.5546
-4.5571,-41.9587
-3.62047,-41.4402
-14.3903,-51.0001
-15.7914,-48.7747
-14.1814,-44.5352
-3.83053,-62.0658
-4.45562,-43.8924
-4.25245,-43.0108
-20.8535,-42.8008
-9.63348,-36.5845
-5.09224,-42.208
-0.936423,-48.2803
-19.5493,-40.6269
-20.7114,-48.5387
-6.03199,-44.2543
-14.1528,-48.076
-8.05764,-48.4757
-8.72463,-48.7638
-9.46121,-59.2252
-22.8374,-51.9743
-13.1174,-60.5454
-18.2311,-42.8352
-10.8135,-55.461
-20.1768,-48.6865
-8.91806,-35.7214
-8.1837,-43.794
-7.22651,-42.1756
-12.7917,-46.5388
-19.6973,-49.0789
-22.0404,-43.214
-16.2963,-41.7945
-13.6614,-59.7848
-7.55106,-38.5014
-21.096,-46.2049
-21.1316,-44.4729
-12.5078,-38.9978
-19.9172,-48.3839
-19.9326,-41.6908
-22.0834,-41.8719
-12.7836,-39.1715
-8.26136,-49.2689
-7.87638,-41.5942
-20.3639,-41.2417
-11.56,-39.2808
-12.3268,-38.7684
-3.85142,-44.8895
-19.0344,-43.4221
-19.7456,-44.8945
-21.8778,-45.087
-12.2209,-47.2951
-22.3375,-47.1729
-23.0154,-48.0134
-1.99238,-47.9422
-6.89831,-37.606
-7.58787,-35.0999
-7.25746,-34.8999
-11.8179,-37.6131
-14.9022,-41.9718
-19.6282,-43.9931
-10.6437,-51.5699
-7.79078,-36.6581
-22.1488,-46.043
-20.4958,-43.851
-18.8021,-43.6767
-19.9312,-47.5492
-14.5381,-59.5444
-20.6634,-43.7846
-23.623,-50.1707
-19.1789,-41.4736
-19.9321,-44.0539
-13.7537,-41.048
-21.1858,-45.4366
-9.63715,-35.7994
-16.6841,-44.3635
-12.2333,-38.7487
-22.0267,-42.3648
-15.0356,-41.9308
-22.4778,-47.4519
-19.1224,-44.3224
-21.7891,-45.6999
-3.5415,-40.6587
-7.00712,-37.9346
-19.8243,-54.8281
-13.8232,-44.4586
-18.369,-44.4542
-23.1829,-50.6498
-18.6156,-42.2791
-21.3521,-50.2859
-4.13442,-44.1244
-18.4734,-47.1933
-6.3748,-36.2223
-19.5179,-42.6276
-8.81397,-42.5232
-6.24974,-38.4441
-10.2847,-37.9198
-23.6261,-49.31
-16.6148,-42.184
-21.5898,-43.256
-21.0277,-44.2206
-10.4333,-45.1633
-9.12117,-36.3244
-13.3477,-44.6333
-8.47443,-35.5468
-22.2213,-47.6215
-24.101,-52.1177
-18.1415,-48.5626
-12.9551,-60.8947
-19.0077,-57.651
-15.9245,-48.8117
-10.1276,-36.1717
-20.4755,-49.7827
-22.6419,-47.1926
-18.5432,-53.1287
-12.0228,-44.2566
-23.6022,-46.919
-9.85656,-58.4192
-8.28411,-49.2473
-18.0727,-43.4648
-18.5013,-54.751
-7.62365,-36.6064
-5.16768,-40.6536
-7.2153,-39.4103
-21.338,-47.7324
-13.3531,-39.8031
-9.6178,-36.7697
-20.8733,-45.5167
-20.4036,-47.4209
-16.7676,-47.6131
-10.5985,-49.1942
-10.6443,-45.1893
-20.8324,-43.8166
-17.1987,-48.7034
-8.82273,-44.223
-11.4668,-37.7585
-16.716,-42.8571
-12.2249,-44.4214
-17.2381,-40.9184
-11.5059,-38.1515
-14.5412,-49.974
-11.0994,-48.9152
-4.40481,-40.9022
-17.2883,-49.3798
-20.3923,-44.3334
-2.91813,-40.176
-12.6675,-39.1008
-7.13902,-35.0857
-22.5728,-44.969
-18.944,-46.6669
-23.7799,-53.0774
-7.62762,-72.6756
-22.9624,-52.1622
-6.40894,-36.7782
-24.0132,-51.4563
-22.7373,-50.7909
-21.84,-44.8067
-6.86686,-36.3619
-15.601,-56.0974
-6.89058,-35.5215
-6.47647,-36.1515
-6.91292,-35.2502
-9.36065,-62.5846
-18.2644,-48.1511
-8.00827,-35.6957
-7.81097,-50.7698
-10.352,-37.1846
-18.9648,-41.0986
-8.62432,-35.9518
-8.98458,-39.8997
-10.0326,-44.3002
-6.09965,-49.6068
-9.01175,-44.4062
-6.25484,-36.5146
-7.8313,-40.8957
-7.53075,-38.1962
-6.72325,-35.2639
-15.9327,-41.8557
-5.60825,-42.8376
-1.81475,-44.8644
-1.88775,-55.1168
-0.733214,-47.8515
-18.7527,-44.4303
-15.6084,-57.9133
-8.08546,-37.6443
0.970761,-50.8005
-16.0764,-57.6818
-20.5831,-46.9201
-21.2801,-47.1643
-1.43265,-45.7161
-22.7471,-50.3873
-21.3275,-48.6327
-15.4993,-41.2414
-25.1489,-53.8415
-10.5897,-38.3794
-19.8198,-45.9032
-20.4474,-45.5617
-19.8361,-42.3988
-16.2918,-50.5503
-15.2892,-44.4181
-14.5604,-46.178
-6.63161,-35.9101
-16.2544,-49.3631
-6.71591,-47.7597
-18.4478,-43.6591
-5.54637,-47.4217
-18.1501,-47.5568
-20.3468,-46.8456
-9.38534,-37.9987
-19.9721,-47.7841
-5.35875,-42.6776
-14.7324,-57.0583
-22.2763,-54.1682
-5.91485,-39.257
-21.9002,-47.6181
-21.46,-42.9618
-7.287,-37.0925
-20.665,-44.3334
-21.143,-43.5178
-23.6813,-46.6205
-7.41738,-38.2615
-24.9419,-54.1052
-22.655,-52.8617
-18.2413,-43.6031
-14.4037,-56.4366
-11.624,-46.8198
-12.6187,-38.2926
-20.4879,-43.1953
-19.8433,-42.7701
-16.2329,-51.2543
-20.4642,-50.6073
-9.33939,-42.4348
-10.6782,-37.1506
-20.6134,-42.1438
-18.7755,-41.4781
-20.6229,-41.6937
-21.6637,-46.7361
-18.8004,-42.6103
-20.9917,-43.0003
-20.1446,-44.8912
-13.2853,-46.3999
-9.80018,-49.2169
-15.7221,-41.3463
-21.5092,-46.1904
-15.7254,-40.9997
-21.5155,-48.3935
-22.3673,-48.3819
-20.6848,-55.2915
-9.25534,-49.0638
-9.38465,-37.0965
-20.124,-50.5149
-15.8099,-54.9223
-13.7565,-41.7677
-16.652,-46.2597
-19.3735,-42.1121
-4.19944,-47.8245
-6.95332,-41.6396
-9.00516,-41.9697
-18.961,-43.2544
-12.9016,-39.1923
-5.03518,-44.4409
-20.1627,-42.9627
-22.2511,-45.1643
-20.3603,-40.6594
-4.2495,-41.2683
-21.319,-42.807
-6.61566,-35.6205
-21.1139,-44.0207
-19.0516,-42.9254
-19.4628,-45.5927
-20.6931,-41.8405
-20.9785,-43.1834
-20.2868,-45.9007
-8.44116,-40.7662
-23.3807,-53.2918
-22.0405,-54.6158
-22.1044,-48.3178
-18.4338,-47.5993
-22.2231,-54.812
-23.5582,-52.2178
-6.08082,-38.3794
-16.7188,-52.3189
-21.4843,-51.535
-22.4146,-49.4084
-22.0536,-42.5232
-6.68499,-35.418
-11.3416,-49.2716
-21.2324,-47.9756
-4.15002,-42.9477
-22.7858,-43.3049
-20.2058,-41.7977
-14.4229,-39.9031
-22.4326,-50.2038
-18.3702,-40.836
-17.4239,-49.6644
-17.3406,-49.9295
-6.10389,-49.3553
-6.19947,-42.1355
-23.0428,-47.3682
-8.09629,-43.6705
-21.1678,-49.1146
-12.9417,-39.5191
-21.6088,-45.5691
-7.09964,-37.7163
-20.9796,-48.8325
-23.6437,-46.8579
-23.8297,-46.8136
-21.8314,-51.4832
-6.10691,-38.3033
-15.5302,-40.9124
-23.797,-52.2659
-19.2065,-42.0503
-22.4836,-47.211
-17.2831,-43.947
-22.5498,-43.6827
-19.6218,-42.2306
-11.9392,-38.0871
-20.6706,-44.0654
-11.0188,-68.7341
-6.93835,-36.717
-6.02751,-38.3461
-20.8403,-42.6544
-8.35672,-35.2241
-19.764,-44.3065
-20.6508,-41.9119
-5.36593,-48.5378
-3.88863,-42.2324
-4.87938,-44.6926
-7.02278,-35.8597
-23.7238,-53.811
-11.5266,-61.0252
-14.9249,-42.809
-11.7942,-37.9432
-6.33563,-35.3052
-22.0454,-45.9548
-22.1909,-46.7477
-22.6925,-49.4341
-22.2713,-46.9481
-6.56077,-47.4431
-21.7412,-42.4574
-20.2875,-50.4049
-9.39089,-36.7644
-19.5169,-45.7859
-22.4859,-51.6632
-13.8665,-49.0716
-18.7399,-47.6956
-11.2659,-37.4484
-10.5078,-39.0153
-22.5545,-52.5928
-21.1002,-42.1878
-16.3715,-39.5821
-3.8925,-38.4559
-21.5498,-43.5068
-5.70143,-35.3048
-7.50364,-39.7238
-7.34454,-35.7931
-15.4473,-50.3622
-21.4089,-45.8286
-20.8097,-42.0213
-6.92146,-39.5651
-2.16805,-56.7405
-24.0958,-52.6217
-23.3916,-49.5124
-9.48342,-42.7912
-24.0077,-51.3227
-16.1834,-50.7781
-9.89859,-36.6815
-7.94704,-35.3801
-10.2616,-37.3147
-6.96508,-46.6786
-14.2044,-44.2744
-12.2664,-38.9663
-5.59274,-37.6875
-16.6348,-40.7605
-18.7507,-44.9004
-10.2935,-36.3028
-12.385,-54.9227
-18.0755,-43.2422
-19.1541,-42.0803
-6.16207,-44.8979
-5.69096,-36.5282
-21.2661,-48.6874
-20.2806,-50.2471
-22.3607,-49.5187
-23.5411,-46.371
0.857256,-51.1795
-7.44666,-35.2373
-19.2343,-43.0192
-20.726,-42.279
-23.8455,-50.4031
-18.6782,-53.638
-12.1312,-49.1748
-15.4439,-58.7391
-7.33501,-47.4954
-10.7405,-40.1437
-14.9823,-39.9269
-16.5778,-50.304
-9.27281,-35.7139
-21.6727,-51.3821
-23.3178,-52.3029
-20.6752,-50.1513
-7.85842,-37.9715
-14.4451,-47.0417
-7.78793,-42.918
-8.60307,-38.5687
-23.6031,-52.0807
-14.8629,-39.6579
-7.55335,-49.7125
-7.46682,-41.7883
-19.888,-44.4318
-22.8623,-51.3882
-6.77182,-43.0241
-6.12264,-36.8226
-22.868,-50.6814
-23.0847,-51.9546
-21.6127,-51.1724
-2.52342,-66.0942
-20.4618,-45.4268
-15.54,-47.337
-6.44017,-46.1916
-24.2951,-53.3114
-11.0328,-45.193
-14.9446,-46.2371
-13.6499,-48.8775
-11.7976,-49.5316
-3.79945,-40.2634
-20.8508,-46.712
-9.05611,-48.5206
-6.95983,-46.1749
-4.45126,-37.7981
-5.72792,-44.1565
-19.5578,-44.4472
-20.5352,-47.4039
-6.39334,-42.2591
-6.62606,-42.6881
-16.9883,-42.3568
-6.07234,-38.1212
-17.3107,-44.2317
-7.331,-40.788
-23.2792,-46.7448
-6.99491,-41.1288
-16.4827,-43.4896
-17.9578,-42.0094
-23.3229,-46.729
-3.75557,-40.818
-18.0709,-41.4325
-18.5556,-41.9121
-18.1751,-42.7617
-6.39759,-36.4526
-7.93918,-35.9113
-10.5513,-37.5279
-20.2748,-49.1984
-16.8898,-40.923
-7.08173,-40.6146
-16.1225,-42.5288
-20.0259,-48.9355
-6.15669,-37.8375
-19.937,-40.4078
-19.3661,-44.061
-10.7603,-48.9076
-10.616,-38.2239
-22.3789,-54.5131
-23.9135,-51.9805
-21.5294,-50.5573
-7.58279,-35.7899
-19.0005,-41.5387
-8.5798,-35.3846
-16.4854,-48.6454
-15.0829,-43.125
-13.7441,-39.4747
-8.88243,-36.4966
-9.9722,-37.0869
-1.92986,-47.0505
-26.0292,-48.852
-22.2125,-49.6546
-20.7948,-50.1912
-11.4688,-39.7757
-21.8367,-48.4957
-13.2443,-53.0809
-7.15476,-41.3409
-15.7094,-52.7574
-10.6835,-36.9838
-20.6485,-50.364
-4.04351,-39.454
-11.4342,-42.5077
-21.7961,-49.9312
-9.83001,-45.3423
-9.88404,-36.8316
-16.8481,-43.692
-21.3812,-50.2123
-9.34382,-38.2544
-15.768,-58.3108
-22.4136,-54.2335
-8.00568,-35.2904
-1.40259,-45.7795
-24.173,-51.9246
-18.9807,-41.2235
-7.5606,-34.9959
-18.1352,-48.0875
-6.26486,-35.1943
-16.4947,-49.427
-8.77413,-48.9313
-21.536,-43.1957
-16.5098,-49.0234
-15.3118,-49.1162
-3.84338,-49.0974
-7.71478,-47.3252
-18.0105,-49.3658
-25.1927,-51.9911
-15.9333,-50.14
-16.6864,-49.2643
-14.3195,-39.469
-18.8196,-42.4769
-5.1475,-44.3013
-18.4519,-43.7423
-18.6238,-50.0805
-5.02078,-44.2754
-5.44887,-37.5183
-5.74973,-47.3646
-5.31897,-44.2469
-10.61,-62.7371
-19.1864,-40.4473
-5.47835,-44.0774
-12.5994,-39.0412
-3.43245,-45.6619
-2.12899,-45.8777
-18.8545,-41.9555
-10.2252,-37.2006
-5.81367,-46.1462
-24.1466,-51.5094
-7.70711,-39.615
-3.12788,-40.8372
-6.88134,-39.2144
-8.21118,-35.5675
-4.04422,-40.749
-5.40547,-44.3358
-3.91787,-40.3852
-4.98068,-37.1621
-18.5003,-47.7318
-16.5662,-42.8923
-6.78285,-43.5594
-21.9091,-49.8986
-22.932,-52.6906
-21.6195,-49.8013
-4.04057,-38.6404
-7.53797,-72.5907
-14.5467,-41.9381
-5.10619,-36.3222
-14.2231,-42.7799
-18.7713,-42.9312
-20.7959,-49.2172
-22.5347,-42.9895
-23.5203,-50.0407
-23.3402,-52.7786
-20.7631,-45.9152
-16.8297,-49.5345
-6.85064,-35.485
-20.4977,-48.9391
-22.9694,-51.6504
-20.5716,-43.0094
-4.15814,-40.7476
-17.0142,-43.6675
-4.26248,-38.932
-21.3563,-43.0328
-20.0746,-50.3411
-13.9421,-46.4868
-21.8942,-49.5914
-9.96218,-54.9121
-21.3009,-46.7964
-20.6772,-40.5093
-25.3071,-48.3204
-21.2544,-50.6453
-21.7304,-43.0334
-16.5833,-39.7847
-25.8817,-48.5752
-21.0292,-51.2119
-8.83543,-48.5114
-15.6121,-50.0265
-17.7673,-47.0998
-21.3594,-48.2316
-9.38647,-43.6943
-14.7292,-49.7006
-23.4538,-46.5333
-20.4302,-47.8236
-21.4944,-48.0356
-21.305,-46.7081
-20.7668,-41.6734
-20.3196,-48.312
-21.4583,-56.1117
-21.155,-42.7887
-18.8425,-46.7901
-16.346,-53.7575
-21.0098,-42.7207
-19.2143,-49.7876
-7.1233,-35.4222
-7.24833,-36.4923
-11.7279,-49.068
-1.41412,-51.6338
-20.6467,-50.6645
-22.2918,-49.5504
-15.719,-49.8268
-22.0644,-45.5453
-10.6825,-38.2907
-22.0038,-50.3907
-14.7261,-49.4634
-4.40958,-40.4056
-16.9626,-49.2265
-22.6405,-47.0487
-4.1209,-38.4707
-22.8529,-47.2143
-5.9886,-42.5598
-7.51171,-63.0327
-2.59828,-43.4649
-21.8896,-49.031
-14.1011,-46.6335
-21.8572,-50.6932
-19.4387,-42.2147
-22.8682,-49.1634
-9.04559,-36.8498
-12.7666,-40.2056
-4.80376,-38.7501
-8.97823,-35.9373
-20.2347,-41.5087
-21.9584,-47.9882
-21.433,-43.9639
-3.92403,-40.8911
-7.47957,-38.4059
-14.2711,-42.257
-16.8591,-44.9046
-14.8579,-39.5914
-13.4059,-41.284
-4.96999,-38.6362
-14.845,-39.9879
-8.54026,-37.7032
-11.6438,-42.0195
-12.8804,-42.4856
-23.2659,-51.0522
-12.6444,-40.9338
-15.6605,-44.1667
-20.4611,-47.1222
-8.57633,-36.1812
-14.1649,-39.3787
-17.6832,-40.1129
-22.8185,-50.0739
-14.0643,-39.6459
-19.8366,-40.3732
-20.0252,-44.0569
-21.083,-49.2448
-12.6502,-42.2179
-21.7562,-48.8319
-20.5466,-41.6667
-11.5414,-41.9748
-22.0604,-46.4368
-21.1541,-44.7479
-19.4749,-46.5474
-23.6596,-47.223
-12.1779,-43.2167
-4.71206,-37.3531
-16.214,-44.9034
-23.3944,-53.615
-2.77206,-44.0501
-11.7431,-39.1905
-20.7913,-40.8132
-20.3391,-49.1915
-6.39627,-38.8554
-5.82447,-35.55
-22.6602,-51.0779
-9.53768,-36.6372
-13.774,-42.7155
-7.17184,-38.1478
-20.0407,-47.7466
-20.0707,-44.2994
-4.6625,-44.8558
-3.65771,-45.2114
-1.12539,-47.626
-1.97533,-48.9575
-7.82881,-34.9013
-19.9476,-44.7063
-23.2037,-46.157
-22.509,-48.5597
-13.8295,-39.1361
-10.1235,-36.6597
-22.8495,-42.2299
-24.699,-47.5537
-7.83222,-37.5082
-23.1949,-51.8256
-20.1776,-45.7111
-23.6736,-54.5637
-6.36281,-39.2892
-14.7528,-40.0894
-21.1738,-44.9233
-24.7307,-47.5383
-2.85774,-41.8186
-20.4326,-51.3426
-10.4425,-36.5479
-23.7785,-45.3552
-26.9023,-48.8251
-14.793,-39.046
-20.9402,-45.8308
-7.3889,-37.5079
-19.6017,-41.9695
-5.51847,-47.4777
-18.4869,-49.9888
-8.90206,-37.8351
-22.7509,-52.1995
-15.4911,-42.2005
-23.0816,-47.2101
-5.38789,-40.3085
-22.1738,-51.2555
-19.0341,-47.9155
-23.4762,-52.6989
-19.979,-50.2909
-17.1387,-49.9862
-11.5157,-37.515
-15.4921,-58.5802
-7.66909,-37.4576
-21.4024,-44.9152
-7.28144,-35.605
-11.781,-38.355
-1.4349,-47.9114
-9.22594,-37.7509
-19.5476,-42.1147
-19.4898,-44.3934
-6.665,-41.7041
-16.3611,-49.5001
-18.7271,-44.3584
-19.7277,-51.9281
-21.7695,-50.9633
-19.4158,-42.4139
-17.7215,-48.1581
-19.7992,-41.7164
-5.48984,-36.8501
-4.89764,-40.7537
-19.4703,-42.5476
-6.78265,-38.7179
-23.0575,-49.6279
-12.3028,-39.3069
-23.3513,-47.6927
-22.4355,-47.7151
-18.6927,-49.9436
-14.1226,-39.7353
-20.6557,-49.3842
-15.1689,-49.6695
-12.2408,-56.1531
-6.82421,-41.7381
-12.1561,-39.7359
-2.55992,-47.5059
-8.39303,-35.0609
-16.4398,-51.118
-24.0083,-53.706
-4.31748,-40.7059
-7.64505,-40.1476
-6.80596,-37.2045
-11.2329,-48.46
-4.53802,-40.7118
-11.8219,-42.6179
-20.4438,-48.0129
2.18305,-61.0415
-5.8124,-38.2919
-22.5832,-47.523
-13.2563,-40.0848
-13.2902,-40.9595
-3.27479,-60.19
-21.5684,-51.3472
-21.2768,-49.4164
-12.2429,-41.6155
-12.0504,-38.7631
-3.74737,-39.7843
-18.9819,-47.461
-11.3033,-41.8535
-1.76984,-47.446
-20.3501,-41.6444
-7.73597,-41.6735
-16.3144,-50.9087
-7.33167,-35.3317
-10.6826,-37.4273
-11.2693,-37.7875
-16.5732,-39.5593
-12.5242,-40.3059
-16.0206,-49.806
-23.8638,-49.14
-10.1248,-37.1056
-19.6239,-43.2312
-18.5712,-41.234
-20.2501,-43.8038
-22.7565,-42.8639
-14.7876,-39.2781
-8.39293,-47.7726
-17.0625,-43.3069
-15.089,-44.095
-3.13861,-58.4449
-8.82231,-38.6975
-12.9831,-40.9677
-14.1615,-40.0131
-14.2782,-39.8449
-16.0819,-39.6133
-22.6183,-51.9674
-20.3947,-44.4875
-15.918,-49.6071
-15.7565,-49.6354
-5.77267,-47.4864
-19.8018,-40.8601
-11.0147,-42.3997
-22.8636,-43.7798
-7.44336,-41.4687
-5.14252,-45.7877
-17.4014,-41.6697
-3.96577,-38.5298
-4.2667,-55.9926
-4.67146,-37.833
-26.9101,-48.6705
-21.3123,-49.0629
-21.9857,-48.8116
-15.1366,-39.7283
-22.4225,-45.4598
-14.6788,-39.3698
-5.63894,-36.8712
-19.0673,-51.5495
-21.4296,-41.7014
-17.0378,-39.5386
-17.8552,-42.8561
-21.4179,-42.813
-13.7782,-39.683
-18.035,-41.683
-23.0181,-50.4097
-7.41403,-35.0963
-15.2429,-40.63
-23.6601,-51.9912
-19.4158,-43.3182
-21.0758,-47.046
-22.2859,-44.868
-12.2614,-38.0436
-22.2942,-44.9382
-12.2259,-56.6463
-19.1736,-41.863
-17.1642,-40.3321
-16.5571,-41.5017
-21.6748,-42.0758
-14.9522,-49.5511
-19.9062,-49.3781
-3.68314,-39.5855
-12.8932,-38.68
-15.9551,-39.5329
-20.4704,-45.127
-23.7161,-46.8572
-3.40202,-44.3508
-21.0095,-40.8307
-21.1997,-41.8799
-7.37178,-37.1863
-15.2475,-40.2482
-23.5488,-46.9327
-11.3088,-38.2262
-3.49933,-39.5836
-22.4357,-46.8224
-2.74081,-58.0293
-15.8205,-50.6094
-8.37982,-48.1072
-7.76798,-34.8971
-14.4139,-39.5657
-4.55516,-38.9281
-7.30202,-38.1504
-23.7043,-49.4819
-10.99,-37.3078
-6.82374,-35.2406
-22.08,-54.7934
-8.57172,-48.6895
-26.1158,-48.6182
-20.6419,-51.5063
-15.5606,-49.949
-22.2324,-48.7197
-14.8876,-39.4239
-23.4835,-46.3457
-13.4459,-39.9378
-23.4779,-54.187
-7.66373,-35.1002
-19.875,-40.8753
-15.6528,-40.065
-2.9248,-39.9167
-24.2834,-47.1736
-18.7646,-51.3485
-22.4897,-44.5675
-20.1983,-44.4211
-23.0035,-46.8464
-12.7099,-39.6952
-4.52608,-39.6202
-7.38115,-35.638
0.602185,-50.6996
-7.59989,-43.0249
-16.2029,-49.6109
-20.6769,-43.6141
-23.4213,-49.092
-8.94569,-37.4173
-24.6393,-48.8413
-5.8363,-37.9912
-20.7375,-46.7525
-11.0614,-55.2766
-20.0818,-44.5801
-22.7289,-52.8874
-16.61,-41.7672
-4.45293,-47.5235
-17.2147,-54.1422
-22.2562,-47.8166
-20.6416,-47.2194
-13.529,-40.1472
-10.6948,-39.8446
-21.7309,-46.9743
-15.11,-40.0684
-23.2544,-47.2927
-13.8107,-41.3003
-13.7249,-39.1481
-19.3999,-41.1746
-18.9772,-49.4639
-18.4093,-49.2158
-21.3171,-44.8724
-23.1526,-47.0593
-5.13272,-49.3358
-19.7276,-50.1966
-21.3,-44.6567
-20.3355,-47.7902
-21.5942,-48.8149
-14.4054,-43.5595
-24.2485,-51.6754
-23.6187,-52.2203
-23.4072,-53.3687
-22.3046,-53.8184
-16.5995,-50.7921
-20.3531,-41.5334
-8.11298,-35.015
-13.6071,-44.4255
-20.6884,-48.4112
-23.7435,-50.0729
-21.252,-48.3252
-19.5119,-43.7373
-14.8541,-42.4329
-6.61453,-35.289
-6.21469,-57.7544
-23.1591,-49.9739
-9.63545,-37.2076
-20.8805,-49.5797
-15.9548,-54.9733
-16.1428,-40.295
-11.1812,-40.5117
-7.93063,-41.2075
-4.44617,-49.1153
-22.286,-46.6166
-21.0137,-46.7359
-8.83951,-35.4591
-23.1104,-51.5342
-13.5248,-39.964
-10.2569,-40.1999
-19.647,-42.7498
-5.6051,-38.7639
-5.67765,-38.5359
-5.90213,-38.6227
-13.1109,-38.8939
-22.7037,-46.9851
-4.83151,-37.781
-18.907,-40.0759
-7.36229,-41.1371
-20.2672,-50.5494
-18.461,-41.809
-15.8022,-43.3132
-17.0481,-50.1453
-23.6011,-51.6448
-5.35211,-36.1278
-11.5616,-37.7853
-23.5275,-46.9023
-6.01474,-37.4048
-15.235,-56.4917
-15.4802,-44.3639
-6.16566,-35.6219
-9.08746,-35.2634
-10.5849,-36.9418
-20.1442,-45.5015
-22.6435,-43.6602
-6.46544,-35.9346
-23.8142,-50.1422
-10.3477,-36.8045
-15.9891,-44.2758
-1.88237,-66.9291
-23.4693,-52.5557
-8.72618,-35.7942
-20.1386,-54.3996
-15.7529,-49.3344
-26.4851,-49.0713
-9.66224,-37.0046
-7.57599,-39.2826
-21.4799,-56.1489
-24.1809,-51.6902
-22.5523,-52.0503
-5.64999,-35.9713
-6.37665,-37.3496
-6.099,-42.63
-6.58047,-36.7736
-21.0176,-47.7606
-23.1039,-46.728
-10.4318,-62.4788
-23.2578,-50.9777
-17.8784,-51.7204
-7.97668,-36.4943
-22.4806,-54.3079
-7.6797,-39.0029
-5.82282,-44.2153
-9.17476,-38.2607
-4.77025,-41.817
-16.1773,-50.9508
-15.3342,-58.8723
-6.41856,-36.2031
-15.3432,-43.6688
-22.2936,-48.5592
-12.6509,-48.589
-20.5339,-43.9894
-17.0831,-42.2589
-5.36237,-45.6356
-20.4542,-42.6651
-17.229,-44.4376
-19.2345,-44.0304
-16.4375,-41.0117
-13.8509,-40.0877
-10.0685,-38.3471
-6.54577,-37.8036
-20.3116,-47.5918
-7.09128,-43.5033
-20.7994,-41.3948
-21.9887,-45.2911
-15.9484,-49.3739
-10.8777,-61.9322
-13.2621,-39.5737
-14.0131,-39.8969
-19.1729,-42.6775
-17.758,-44.1643
-9.1328,-35.7474
-8.62281,-35.5288
-3.50164,-42.1865
-23.4987,-49.909
-16.6522,-41.0229
-6.48362,-38.4764
-3.4804,-42.4255
-26.3045,-48.8487
-15.9009,-40.1841
-9.43091,-71.8974
-4.98611,-44.6958
-16.5417,-42.5151
-21.0551,-49.6892
-16.9053,-42.6014
-18.2195,-42.4946
-6.31095,-38.2823
-4.75146,-42.5746
-17.802,-49.6197
-7.86565,-35.5787
-8.50736,-42.4264
-5.54094,-35.8122
-6.27215,-37.7885
-11.3486,-41.6548
-5.44363,-47.4064
-19.8126,-43.1735
-19.7577,-40.386
-7.11509,-34.8641
-17.7398,-46.1715
-22.2473,-50.7694
-11.2639,-57.5244
-7.1713,-35.5686
-8.11951,-49.0643
-19.9448,-44.3451
-7.06092,-36.5793
-9.41622,-40.5033
-7.19621,-39.3076
-5.17459,-41.6976
-8.70195,-36.4871
-6.0306,-37.009
-16.8488,-40.1641
-6.51523,-39.5187
-21.7595,-43.3398
-23.0884,-47.7868
-1.83888,-46.09
-6.99269,-36.7166
-23.1852,-46.8974
-23.4357,-50.2496
-6.26866,-35.3495
-8.93297,-35.5669
-9.90696,-36.4803
-21.5103,-51.4342
-8.70904,-36.4126
-23.9244,-47.0653
-16.8473,-43.5865
-9.21992,-43.1337
-8.70714,-36.1347
-7.36176,-35.2321
-7.52983,-37.815
-21.2493,-46.5735
-10.3178,-58.3592
-2.16347,-56.0889
-3.48438,-66.0718
-16.0633,-54.8859
-11.0431,-41.9702
-23.6219,-52.4693
-15.8659,-50.8668
-15.192,-39.491
-13.5155,-41.5882
-2.75814,-66.7595
-22.8596,-54.6061
-14.2662,-44.1597
-11.3728,-58.7483
-10.3225,-44.2381
-22.0112,-49.7873
-23.8188,-51.6687
-17.6279,-41.7488
-19.0089,-57.5973
-13.6541,-40.2119
-18.1759,-46.8063
-10.9136,-37.6689
-3.94661,-44.826
-4.56974,-45.1319
-4.609,-45.049
-4.61173,-44.9798
-6.58572,-37.9127
-4.51539,-42.6309
-20.9139,-44.0797
-18.7715,-46.4012
-8.99452,-40.2767
-17.8323,-46.5165
-4.98893,-45.3816
-6.09339,-36.4703
-14.0334,-42.1328
-6.12295,-35.4724
-19.6397,-43.8932
-19.1832,-51.3998
-7.15535,-35.8491
-6.39493,-35.5949
-9.83291,-36.7413
-10.7906,-49.6199
-20.0237,-45.5401
-6.67213,-35.3706
-7.93005,-35.2874
-6.15082,-35.4299
-4.38505,-41.5969
-6.0119,-35.8729
-8.47673,-41.5342
-7.84383,-35.3108
-6.05023,-43.5333
-9.12567,-36.4584
-5.41864,-42.6437
-6.50766,-41.5653
-10.368,-47.538
-8.6602,-35.904
-16.978,-44.5754
-5.83074,-42.6223
-22.5448,-55.1502
-13.1673,-39.4213
-21.2091,-42.1271
-9.74996,-48.3565
-6.18539,-47.0293
-12.3529,-40.9048
-8.65791,-36.3293
-13.4663,-40.2204
-17.6056,-40.3383
-5.69322,-36.247
-6.14943,-36.1171
-20.1539,-41.6228
-11.773,-38.887
-21.9671,-45.3498
-15.3188,-58.0046
-20.79,-43.4706
-7.25922,-43.9364
-11.3851,-41.8286
-19.8994,-41.0621
-21.3715,-42.4732
-24.8862,-52.47
-23.0506,-47.8375
-0.804911,-52.453
-10.7981,-37.1731
-17.887,-44.5735
-6.50603,-38.1742
-12.8978,-38.321
-12.7847,-46.5099
-21.248,-45.0009
-6.7448,-38.9706
-22.57,-44.9024
-21.1639,-51.0412
-19.7193,-45.0279
-22.1809,-47.3841
-17.0793,-42.6936
-12.5616,-41.3928
-22.6027,-48.8037
-21.5296,-42.6421
-16.619,-48.7428
-23.0818,-50.7511
-22.0275,-44.3208
-14.6842,-42.5095
-24.11,-51.6506
-4.51837,-44.4646
-21.8386,-43.7934
-22.566,-47.397
-19.5512,-50.5815
-7.8726,-35.4402
-9.74098,-36.5121
-1.8985,-49.3903
-5.14392,-38.0847
-19.3946,-40.0643
-21.6718,-49.7526
-7.37113,-36.9491
-13.6369,-41.8432
-9.59002,-46.6738
-22.9232,-53.1362
-23.0058,-51.9524
-6.61191,-35.4384
-23.304,-51.1691
-15.9013,-44.306
-7.08111,-45.1451
-20.966,-50.2263
-23.0856,-46.9484
-13.0588,-55.9042
-22.4294,-49.522
-11.2219,-50.6676
-6.10525,-37.8134
-21.7182,-51.0215
-20.4468,-42.0976
-16.1095,-44.5886
-24.2853,-52.269
-21.6737,-50.3294
-21.5145,-44.9034
-24.0821,-51.7368
-22.755,-51.6601
-22.4146,-49.818
-22.3384,-50.394
-19.7911,-45.6794
-3.4683,-42.3718
-6.17794,-47.8582
-16.253,-47.95
-21.55,-47.7801
-2.88438,-41.6641
-12.0956,-45.7866
-6.40588,-38.3899
-12.1326,-40.3571
-10.6619,-37.5413
-7.55564,-35.4425
0.034934,-51.0694
-15.5646,-40.4209
-22.5002,-48.7102
-5.10795,-36.6318
-20.8022,-49.9687
-22.3768,-41.7848
-5.85229,-35.3552
-13.0186,-42.6945
-20.1444,-50.1973
-17.0723,-40.7245
-9.44363,-61.9818
-21.6778,-45.9219
-7.68827,-35.5114
-21.9813,-42.2533
-9.16226,-39.0518
-4.84601,-39.5725
-3.48624,-42.4981
-21.483,-44.3287
-14.6623,-41.4915
-0.803391,-47.6014
-3.39232,-42.2117
-20.6445,-50.2305
-22.6632,-43.0315
-15.624,-40.2587
-11.7107,-40.1437
-23.5398,-47.185
-23.3171,-46.5897
-17.2975,-49.4898
-9.53009,-36.992
-6.39949,-38.324
-17.8456,-42.0769
-14.3371,-43.7686
-14.3847,-41.8842
-10.3418,-36.9252
-10.6649,-37.3004
-6.89719,-37.5221
-6.8337,-35.1213
-14.4823,-46.1165
-24.317,-52.5271
-15.0479,-42.9469
-3.29066,-60.6216
-3.44078,-60.4612
-8.9649,-37.6313
-3.11866,-60.0212
-7.70331,-38.1523
-23.5446,-51.671
-23.3458,-52.0944
-14.7529,-43.9391
-20.2572,-42.028
-20.3591,-41.9589
-5.80462,-61.2895
-8.01234,-43.8755
-24.5144,-51.6658
-14.1476,-40.2399
-10.7227,-44.0428
-18.7761,-40.9874
-18.8594,-41.124
-9.44739,-36.3881
-21.8707,-43.0062
-14.0148,-49.1777
-5.38075,-49.1327
-22.1068,-51.9617
-21.6105,-55.1678
-3.86699,-38.6259
-0.778899,-47.452
-2.04918,-45.9587
-22.6149,-50.6713
-13.4355,-40.4323
-12.776,-38.9175
-8.79062,-35.8266
-4.62806,-45.4531
-3.89143,-38.6829
-2.24078,-45.8507
-0.714702,-47.7034
-21.2587,-49.13
-21.0398,-40.8384
-9.23045,-37.3524
-19.5076,-44.6779
-1.85313,-65.573
-14.1035,-39.0137
-6.76535,-35.0087
-6.2846,-38.1642
-11.0463,-54.4377
-13.0064,-40.5295
-3.1285,-40.1582
-7.44169,-40.6602
-7.11565,-43.8926
-24.557,-54.0571
-9.70971,-35.8967
-20.4159,-40.67
-8.93898,-72.7997
-7.05942,-35.318
-23.6158,-53.2053
-23.4843,-51.7928
-20.3765,-43.414
-9.79377,-49.6553
-9.58353,-36.3045
-22.9354,-42.8246
-18.5079,-42.0822
-22.7336,-53.0402
-24.0089,-53.1432
-19.4114,-40.5456
-23.7425,-51.3137
-23.4205,-51.9333
-20.4389,-50.8254
-24.42,-53.8286
-21.6979,-42.9546
-1.36002,-48.3421
-6.82748,-38.3528
-21.7959,-51.1824
-19.7096,-42.7327
-19.3306,-45.2434
-6.08279,-37.908
-20.2546,-41.8786
-3.2252,-40.6896
-22.1462,-51.1709
-10.7308,-37.0856
-23.7058,-51.6404
-17.983,-48.6415
-22.2171,-49.9501
-15.5542,-39.3016
-3.52364,-40.3423
-7.47469,-41.1103
-7.18995,-35.7848
-9.11824,-37.7323
-3.62035,-43.1112
-15.6869,-40.7366
-12.5307,-38.3009
-6.59673,-35.0531
-10.5464,-46.4168
-25.2496,-53.9935
-18.4699,-43.0579
-19.9794,-44.4318
-18.59,-41.9166
-21.869,-43.3135
-14.8563,-43.9146
-3.71492,-42.5507
-13.9109,-42.8439
-3.09849,-45.035
-7.12486,-35.7669
-25.8237,-48.549
-20.2873,-42.3401
-6.54018,-37.7279
-24.6995,-52.1454
-15.3944,-42.86
-19.5543,-44.0868
-15.4342,-50.7456
-9.15437,-35.5243
-10.1821,-54.9467
-7.26188,-37.351
-19.2179,-45.9664
-21.6025,-48.364
-5.51359,-43.2018
-3.6244,-44.5468
-17.9719,-50.3388
-5.95169,-47.5125
-7.38597,-38.7708
-23.6677,-46.4613
-3.39289,-57.7067
-5.52181,-35.2631
-0.11336,-51.2891
-19.9865,-46.2181
-17.3707,-40.2238
-25.2977,-54.0943
-3.44637,-52.8875
-16.2245,-41.4728
-1.8032,-50.7149
-22.5245,-43.7312
-18.6631,-41.4052
-21.1757,-49.5791
-24.4538,-54.1618
-21.1976,-43.3337
-20.3579,-50.1811
-3.53974,-40.4531
-19.224,-42.6079
-22.8028,-43.4601
-9.39384,-35.8392
-6.07194,-37.5158
-19.9684,-50.6326
-4.16857,-42.8963
-11.4299,-40.6031
-5.68077,-42.7436
-22.4572,-43.4803
-20.1796,-48.031
-7.29749,-38.9378
-12.8646,-39.8611
-3.57443,-42.6131
-5.67252,-39.1875
-4.68295,-41.4173
-15.0515,-48.1611
-21.0628,-41.3615
-9.31236,-36.8696
-17.2156,-42.5884
-13.5304,-48.2206
-21.6797,-44.6051
-17.5654,-52.5537
-22.412,-48.451
-11.196,-61.5174
-19.9789,-50.139
-16.256,-44.1602
-21.4148,-42.1938
-9.56556,-48.393
-6.37454,-44.3683
-23.255,-52.7761
-20.8899,-42.3458
-20.2355,-56.3746
-3.56313,-44.5814
-8.12113,-38.7388
-21.1313,-51.1035
-10.961,-40.574
-9.52907,-48.5922
-14.2385,-40.7718
-11.029,-62.6696
-22.2904,-51.9084
-22.9657,-51.4846
-20.8169,-49.5206
-15.6759,-58.0951
-20.6179,-49.4617
-14.7348,-44.4092
-21.2021,-42.6122
-3.56867,-39.9663
-2.07094,-44.7787
-7.23522,-39.143
-2.5831,-49.5042
-21.4647,-47.0024
-20.3399,-44.0509
-19.8387,-45.4127
-7.28517,-35.4832
-22.3675,-46.9428
-22.4332,-46.9532
-23.5208,-46.1854
-16.5434,-50.739
-10.5769,-37.3512
-1.88993,-48.7668
-2.6822,-54.6425
-5.73844,-39.63
-22.9285,-47.559
-24.0809,-46.6265
-18.3245,-44.118
-5.562,-42.6075
-6.99275,-41.026
-21.7579,-45.5391
-4.79102,-40.0646
-7.08848,-35.9592
-14.4197,-44.3719
-18.1303,-40.3668
-6.48522,-35.2842
-1.99768,-54.0724
-6.07063,-35.3253
-13.2552,-46.8928
-18.869,-48.881
-10.0256,-37.5616
-9.75364,-45.3037
-21.2655,-48.4971
-20.768,-49.7184
-15.1514,-42.8718
-20.9065,-48.6387
-21.3271,-46.3635
-18.7302,-47.4912
-21.2981,-51.5679
-16.8691,-41.2473
-7.20402,-38.5838
-22.945,-47.3122
-10.2458,-63.29
-10.4374,-39.3321
-21.1873,-46.9753
-10.0075,-48.9941
-6.43698,-35.7831
-10.7611,-48.1114
-7.88363,-37.1184
-9.60357,-37.2505
-5.83067,-47.0673
-16.7282,-43.8578
-16.0059,-51.3979
-15.1702,-42.4941
-17.4439,-51.1728
-13.3485,-48.6853
-3.48125,-45.2496
-20.8509,-50.0975
-5.09736,-38.3702
-18.5998,-45.3584
-3.46311,-40.6776
-7.61931,-39.546
-8.10871,-35.0835
-11.5569,-43.2766
-25.4744,-48.8345
-3.23426,-40.1233
-17.7334,-49.1059
-20.7288,-48.0581
-15.3184,-50.0553
-9.71891,-43.9072
-18.5356,-44.601
-11.5488,-41.1565
-3.73337,-42.3024
-19.2236,-43.3795
-2.85379,-44.0357
-15.0225,-42.3727
-22.8811,-46.7896
-5.18374,-37.3474
-16.124,-50.2136
-21.5103,-48.1538
-14.7457,-50.5713
-1.53936,-49.2224
2.43998,-60.9096
-3.90271,-40.7452
-13.0053,-41.3703
-18.0754,-39.5565
-18.0965,-40.52
-4.30294,-38.9951
-7.02525,-35.46
-11.9648,-41.6374
-11.8541,-40.4714
-13.7729,-50.2814
-23.1487,-51.7737
-13.0092,-39.1092
-20.4652,-41.4156
-20.9509,-41.346
-12.065,-43.5497
-21.13,-42.3693
-10.4271,-36.9588
-9.30682,-35.9428
-3.319,-42.094
-7.14669,-48.6091
-12.6329,-38.9921
-20.9908,-51.2774
-19.8121,-41.4407
-13.7303,-49.2745
-13.2284,-39.5044
-21.3692,-46.5213
-20.0582,-44.1883
-7.61657,-72.8997
-7.25201,-37.4322
-2.05683,-47.5601
-18.4544,-42.2481
-22.6156,-51.24
-17.8481,-40.3533
-19.2291,-42.3312
-22.4057,-51.5274
-5.79357,-35.1986
-16.5021,-46.4874
-11.7034,-47.7223
-21.039,-41.9697
-23.3707,-45.4468
-7.63514,-35.5586
-22.1158,-45.5123
-26.8943,-48.6546
-23.0618,-54.1995
-21.2168,-44.6138
-6.9114,-38.322
-6.37496,-47.6643
-13.0235,-39.0108
-7.74149,-35.2193
-6.97023,-42.6773
-5.35128,-42.8153
-16.5808,-49.8817
-21.2324,-45.235
-16.4047,-49.2227
-20.843,-49.6358
-10.3215,-36.585
-2.20793,-56.7112
-20.6945,-50.0436
-13.604,-39.1091
-22.8057,-43.4233
-3.46788,-43.9134
-15.3148,-41.7564
-21.1419,-55.8296
-20.9114,-49.7833
-14.4662,-48.4599
-22.8832,-43.1034
-14.7192,-56.3284
-10.8192,-39.4297
3.8853,-59.6204
-14.454,-56.7945
-10.3944,-37.4517
-10.2158,-37.4211
-10.4854,-37.1963
-22.9129,-51.7978
-10.0772,-37.0615
-4.63019,-42.173
-15.772,-56.3432
-10.8468,-37.1231
-3.97574,-42.6184
-21.0156,-49.4986
-23.1763,-52.6032
-21.4657,-54.3825
-15.0206,-49.8953
-23.3308,-50.7168
-22.238,-53.3437
-18.0597,-48.2552
-9.84977,-57.8139
-18.4925,-41.1107
-14.9612,-54.9685
-11.7247,-62.3127
-14.7912,-40.1458
-20.3836,-50.9483
-10.558,-55.953
-20.7615,-50.3477
-7.12263,-46.2607
-14.0957,-50.33
-6.47511,-35.4286
-19.7577,-43.0333
-23.182,-52.2031
-2.26693,-46.9731
-21.7765,-48.5705
-6.45056,-36.2057
-22.2932,-42.5377
-11.6031,-39.6302
-23.4324,-50.5665
-15.145,-49.5737
-20.5321,-49.3123
-10.312,-55.4061
-21.332,-51.6447
-13.812,-39.6182
-22.7556,-43.4603
-14.2868,-49.3872
-21.1026,-51.4905
-6.73047,-44.0471
-4.91622,-49.0822
-13.0241,-40.0653
-14.4727,-59.6001
-19.9758,-43.8509
-22.7639,-52.9868
-20.856,-50.2617
-14.3568,-56.9696
-13.0136,-57.0908
-9.99998,-57.5261
-13.8374,-56.0743
-18.4417,-41.4984
-13.9486,-51.8002
-22.7832,-47.2941
-7.63171,-48.4252
-7.08415,-39.6713
-7.47232,-38.0382
-2.84227,-45.6953
-3.90037,-59.094
-23.4703,-53.0898
-14.7889,-57.2886
-6.67122,-36.422
-19.1461,-47.6779
-15.7993,-43.2941
-12.815,-41.0748
-21.1286,-46.4157
-13.7388,-46.8734
-10.5651,-48.9125
-4.70581,-40.5621
-10.8651,-55.1872
-8.09707,-42.0471
-24.4693,-53.9552
-19.8713,-44.9847
-11.2329,-38.4871
-24.438,-51.9454
-1.20874,-47.3921
-12.9834,-55.2556
-10.9068,-62.5564
-19.6876,-43.583
-16.3695,-49.3168
-18.715,-40.4053
-17.8926,-39.3743
-14.6771,-52.3502
-20.9893,-48.9141
-9.97063,-47.6785
-2.63637,-60.9434
-12.9217,-46.5713
-5.12593,-60.3732
-16.0313,-50.7113
-17.4654,-41.8826
-16.0592,-48.0417
-12.8083,-42.1682
-21.4651,-49.2234
-11.4089,-57.3488
-11.6961,-61.9951
-22.6693,-53.8601
-23.7631,-51.5079
-11.826,-46.6325
-8.94191,-35.664
-9.95616,-55.2029
-5.52552,-40.7713
-17.4089,-41.2194
-6.44901,-41.9261
-13.2424,-49.506
-7.14347,-55.3786
-4.24749,-49.9499
-5.28749,-41.9325
-12.2875,-50.9686
-14.9054,-53.0194
-10.3182,-38.4014
-16.0162,-42.4044
-20.7296,-47.7429
-6.09329,-35.1991
-4.48523,-38.5933
-22.438,-49.922
-7.01915,-42.1283
-2.00358,-49.8628
3.84074,-51.8331
-21.8598,-43.9356
-5.84125,-42.5594
-7.22118,-37.7406
-10.0572,-36.8101
-4.13417,-45.1163
-9.53686,-37.2971
-9.50357,-37.8301
-5.9486,-37.7047
-17.3982,-43.5719
-8.01017,-34.8545
-2.99295,-44.9897
-11.3497,-38.3379
-6.98434,-36.241
-20.6982,-44.829
-21.3401,-43.4499
-10.707,-48.9086
-12.3132,-42.8969
-9.51954,-37.1954
-20.7366,-48.9106
-22.0685,-45.2657
-20.6042,-49.2929
-19.7276,-44.8058
-20.4298,-42.7977
-22.1549,-50.0971
-20.1861,-49.3464
-1.75989,-55.8579
-17.0334,-48.2964
-20.5142,-42.1991
-20.7169,-47.8852
-7.74553,-35.5956
-8.61026,-39.6026
-6.25182,-38.9053
-23.5324,-46.7916
-22.3149,-50.2811
-21.7968,-50.8793
-7.87918,-40.08
-6.7529,-51.0858
-22.9797,-49.8697
-23.4053,-52.1964
-12.0175,-38.6166
-6.6958,-36.9428
-9.15884,-37.3556
-20.5263,-43.6962
-22.2779,-46.3716
-20.3796,-43.512
-10.7167,-62.2565
-7.61604,-37.1519
-21.4872,-51.7024
-16.2181,-49.1942
-18.0719,-41.2734
-24.7933,-53.9043
-20.0061,-50.3768
-10.9578,-41.0756
-1.54168,-47.1126
-18.2277,-47.8355
-21.5627,-51.2654
-4.17107,-38.465
-3.83542,-50.6399
-3.9784,-38.6183
-10.4538,-36.6531
-4.22492,-38.922
-3.98327,-40.6989
-15.1605,-48.2833
-16.3646,-42.5088
-7.35101,-40.8997
-17.0758,-41.4821
-7.77375,-42.2474
-15.5271,-43.07
-18.8993,-45.5321
-20.3705,-45.6627
-21.2913,-43.4088
-23.4555,-52.046
-7.85508,-42.8248
-9.67493,-37.339
-20.39,-49.4309
-16.7392,-51.5309
-5.74027,-48.3181
-4.73672,-37.9655
-21.3748,-42.3123
-8.68423,-35.589
-21.0854,-48.8037
-10.24,-48.3558
-14.2676,-43.1609
-20.4148,-50.7632
-8.73076,-44.2466
-9.40568,-36.6328
-5.97086,-43.056
-7.84786,-47.9242
-12.5059,-41.5809
-16.8044,-49.924
-6.61658,-47.5464
-9.0109,-36.3242
-2.64433,-44.8933
-13.0447,-48.4026
-17.3258,-48.426
-16.7924,-50.1652
-22.7858,-50.218
-24.8853,-52.2029
-4.13831,-38.8446
-16.7364,-40.4296
-18.1783,-49.355
-19.2229,-40.8534
-8.66121,-36.0125
-21.354,-51.8562
-19.4419,-44.7468
-7.10303,-41.7
-22.6078,-43.7108
-17.2252,-46.8711
-3.41436,-39.03
-3.00212,-47.3527
-21.5465,-45.7374
-22.4114,-50.5732
-6.4264,-43.9792
-3.43799,-39.1479
-6.20768,-40.6905
-13.4388,-42.2395
-4.08815,-39.2417
-22.9297,-52.1549
-25.5161,-48.5225
-18.9141,-50.6539
-23.3862,-48.7214
-22.6412,-52.0905
-20.1048,-50.5886
-8.91875,-36.6549
-14.4265,-54.0524
-23.0816,-52.4617
-19.6746,-51.1909
-9.65835,-56.4786
-6.47565,-38.3057
-12.6167,-47.8734
-19.2732,-44.4044
-21.7792,-50.7949
-7.30975,-36.6522
-12.687,-43.1798
-23.2221,-44.7175
-6.06781,-49.9037
-5.22276,-35.8398
-22.1585,-43.304
-21.0159,-48.7761
-19.0216,-53.0116
-23.2824,-52.6054
-10.175,-48.8823
-5.76893,-37.1032
-16.9463,-50.4484
-12.1754,-61.6032
-6.68491,-36.6566
-9.25634,-37.9988
-2.63741,-56.729
-10.6859,-37.8626
-9.46313,-35.552
-20.3034,-50.0163
-10.2166,-44.63
-5.91116,-35.271
-8.08729,-39.5795
-5.67365,-43.1011
-2.90585,-41.7754
-19.8534,-44.6114
-20.6539,-44.4926
-6.43018,-35.6442
-22.2097,-44.2344
-19.3509,-43.1383
-6.27268,-35.37
-7.13467,-37.0433
-6.17745,-43.7755
-5.86036,-42.4436
-7.9971,-35.5813
-9.24511,-35.4745
-20.7193,-46.609
-6.60296,-44.0745
-16.0773,-44.0787
-7.01743,-37.2747
-18.5699,-46.5013
-7.67231,-41.2408
-18.9379,-46.9934
-20.6384,-47.2801
-21.1544,-42.2125
-6.10656,-37.6356
-22.4309,-43.4285
-15.4572,-39.6458
-7.53919,-49.367
-5.26072,-42.3908
-1.59772,-46.9268
-6.10498,-38.2077
-7.90287,-35.1716
-20.8754,-42.9752
-21.3153,-51.8321
-2.72094,-42.5258
-6.59138,-37.6185
-7.93401,-34.8684
-8.13436,-41.1431
-18.4276,-42.8628
-22.5768,-49.4008
-9.3983,-38.2216
-9.36792,-36.3672
-27.9607,-48.6864
-4.44485,-45.2398
-20.0296,-49.4
-22.7542,-47.1488
-7.96059,-43.2284
-17.4267,-41.0035
-2.51657,-44.1019
-23.914,-52.3431
-22.3511,-48.7781
-8.49641,-36.94
-16.0086,-41.2909
-20.5219,-42.3304
-5.45341,-39.7078
-7.42169,-38.0689
0.777424,-51.9503
-20.8266,-42.1515
-5.14988,-35.876
-6.74997,-36.4758
-10.6134,-37.6922
-5.57352,-36.1084
-16.6245,-54.4722
-20.5968,-42.7123
-20.2563,-45.2107
-22.2386,-45.4654
-20.2474,-50.1129
-7.39107,-35.1065
-15.6032,-44.391
-20.2535,-47.4775
-22.7413,-46.8948
-4.56482,-44.6006
-11.1902,-37.6775
-22.8174,-50.7933
-19.2241,-47.4579
-8.97034,-48.1729
-10.012,-37.8932
-5.5161,-36.3867
-18.3004,-39.9574
-18.0996,-54.5507
-4.42585,-41.4482
-8.06807,-42.2847
-19.6308,-44.0383
-6.63323,-35.2966
-21.7076,-43.743
-6.4356,-35.2195
-24.2764,-47.2354
-2.97272,-45.3493
-12.1491,-38.6487
-12.0254,-48.5395
-1.19382,-47.324
-10.2262,-54.9794
-7.82163,-39.0707
-3.27674,-45.1768
-5.2564,-36.7095
-10.2874,-36.5819
-26.7754,-48.6465
-3.79274,-39.2692
-21.4148,-50.0769
-21.8341,-43.1145
-19.6284,-44.6604
-8.5932,-48.9327
-19.9411,-45.078
-19.3434,-47.2963
-21.0932,-45.0896
-20.6368,-51.1123
-23.0804,-47.972
-6.03576,-38.4624
-2.57676,-44.8504
-19.1573,-42.2333
-4.37459,-44.3369
-23.8949,-53.4098
-17.5258,-52.065
-18.357,-41.6006
-8.35797,-36.6978
-9.38866,-40.5027
-16.0968,-49.3364
-9.06863,-38.3027
-22.52,-43.1926
-18.5441,-42.5583
-21.5921,-50.6003
-7.19282,-37.9289
-13.1465,-41.7702
-21.5096,-43.313
-10.406,-36.434
-7.07721,-41.467
-6.50845,-36.3497
-23.7139,-47.4256
-19.7593,-42.0756
-20.2438,-42.7379
-21.469,-44.1938
-20.4715,-44.2243
-7.26403,-35.2523
-9.60135,-35.9543
-14.7608,-49.5784
-10.0051,-42.4936
-6.26364,-38.0461
-6.86827,-35.613
-6.84277,-35.531
-20.4827,-45.8049
-11.672,-61.198
-6.23839,-41.4113
-22.9246,-45.4613
-3.60985,-45.342
-14.4921,-42.686
-9.47382,-36.2918
-10.7433,-40.3675
-21.1853,-48.9086
-11.1311,-47.5726
-4.01584,-38.3061
-19.7287,-42.4095
-23.7982,-50.0536
-22.5172,-44.0022
-2.52224,-45.0788
-18.4141,-40.2171
-10.5677,-37.7242
-11.8117,-39.9009
-16.0572,-45.1402
-6.83002,-40.6083
-3.89315,-45.1759
-21.8747,-51.7282
-5.80025,-39.417
-17.302,-49.017
-20.5089,-44.4783
-22.7338,-47.6476
-3.93335,-41.7088
-23.1981,-49.3803
-19.9092,-48.7027
-21.999,-49.4608
-10.7215,-36.8544
-20.6834,-43.2967
-21.0886,-48.6607
-9.624,-37.757
-16.4258,-51.8235
-3.72041,-44.2216
-21.6554,-42.3434
-17.3392,-44.934
-23.3965,-46.9991
-22.2711,-51.4976
-6.77302,-48.2958
-21.996,-47.4257
-22.4142,-49.1339
-22.6215,-43.9081
-13.759,-39.3836
-21.2825,-43.0172
-15.8507,-48.9584
-4.23922,-40.6442
-17.3019,-48.2768
-4.27157,-41.7716
-14.9444,-41.7168
-11.73,-40.5587
-6.77922,-35.4906
-24.7588,-51.7596
-21.0132,-48.221
-23.2281,-51.5873
-19.6741,-44.8964
-7.4664,-34.8151
-10.442,-49.1876
-20.4762,-45.9589
-6.43778,-48.8716
-20.8334,-40.7268
-3.86813,-54.2124
-15.452,-47.6089
-23.0101,-52.9162
-13.2618,-40.3695
-14.6654,-40.4718
-21.0342,-49.933
-14.6518,-54.7819
-20.1376,-48.7
-22.6371,-50.2104
-7.06658,-36.0668
-16.266,-56.6261
-19.6208,-41.6334
-12.4303,-38.3374
-20.7829,-49.8258
-6.76606,-37.8003
-8.13982,-35.3967
-22.107,-50.176
-19.2257,-45.0141
-21.7396,-49.3604
-22.5296,-55.7203
-1.39587,-48.8661
-21.0216,-48.0423
-15.9274,-52.3273
-25.6735,-48.5111
-17.5225,-49.4489
-20.4396,-50.5258
-12.0853,-46.4825
-10.7481,-47.5276
-16.7584,-52.8369
-20.4111,-42.8978
-20.1727,-49.7064
-15.2219,-59.3435
-18.1253,-40.5458
-16.6282,-45.0588
-10.8653,-40.1311
-16.7473,-41.5025
-19.9453,-50.538
-4.74672,-40.9205
-23.1761,-48.1195
-13.4391,-49.1503
-20.9632,-42.0465
-22.7537,-51.3795
-6.02064,-37.9865
-7.52265,-39.114
-15.7404,-43.0281
-17.8143,-50.1653
-1.93639,-50.8194
-17.3554,-52.6799
-3.88815,-42.6998
-10.8761,-51.6357
-6.96423,-44.1837
-11.618,-47.0621
-9.05195,-35.3987
-15.857,-58.4619
-15.3235,-57.2204
-23.2093,-47.5251
-21.8498,-47.487
-20.6642,-43.0834
-6.34149,-47.3962
0.71243,-51.4155
-10.7027,-48.408
-22.4175,-44.2952
-10.1849,-36.8376
-22.7747,-53.2677
-1.85925,-44.5842
-8.26323,-72.7537
-9.91626,-37.2842
-1.74691,-52.2361
-9.16006,-35.3049
-5.05441,-36.7887
-11.533,-57.4132
-14.0859,-46.3704
-7.09154,-40.0233
-15.5943,-39.8638
-21.0428,-49.3815
-5.71287,-38.1578
-17.8077,-41.786
-22.1964,-44.9748
-15.8299,-54.4208
-23.5333,-46.3473
-5.62233,-35.6635
-6.39876,-38.4909
-21.78,-45.9658
-9.80616,-37.6833
-10.7151,-38.1813
-9.30742,-37.2889
-6.56401,-38.5111
-21.78,-46.5692
-8.18726,-36.7111
-4.74626,-44.9432
-14.5234,-40.3634
-21.8496,-51.0868
1.74543,-50.7892
-17.3364,-39.2227
-23.0357,-51.4429
-21.0597,-44.0778
-21.3626,-48.0679
-24.0084,-46.4121
-5.39281,-47.8111
-1.798,-53.4779
-7.68826,-37.0801
-19.3086,-48.9276
-5.67265,-42.2046
-19.739,-46.3755
-20.7411,-46.8624
-22.0999,-49.4381
-20.7656,-43.1895
-22.0082,-51.5565
-23.2782,-52.1536
-5.2898,-44.495
-11.2923,-41.9843
-21.7651,-52.1111
-2.02981,-60.0234
-2.91872,-44.0715
-18.6401,-44.06
-14.6885,-41.6798
-8.5406,-48.5062
-21.0964,-41.0468
-18.6193,-43.5628
-11.169,-61.8986
-2.38991,-45.82
-18.4096,-46.4165
-22.1207,-51.3925
-2.58799,-45.3595
-13.4471,-39.4203
-3.40787,-44.0234
-21.8732,-51.8447
-0.945439,-47.1253
-8.32999,-35.3544
-11.8295,-61.3153
-15.544,-54.2811
-2.50568,-43.4232
-22.8517,-51.0293
-7.73175,-37.9886
-17.2497,-49.244
-21.5356,-49.8599
-10.2138,-36.8442
-19.4742,-44.1591
-10.424,-48.8957
-5.46393,-35.5554
-7.15479,-35.9543
-9.74032,-37.4403
-11.8313,-39.611
-23.8039,-53.6834
-19.2703,-45.5569
-0.899604,-47.0134
-22.4045,-44.2597
-24.5752,-53.9759
-22.2456,-50.6966
-9.32001,-36.4692
-8.57064,-41.4106
-7.35029,-35.9031
-10.9736,-39.6293
-22.7102,-43.5518
-21.7969,-50.2415
-22.5312,-44.7781
-20.7416,-43.8851
-12.6093,-52.1821
-23.0838,-53.483
-10.7505,-39.2137
-23.8533,-52.1309
-22.0692,-50.307
-8.81175,-36.0137
-18.4472,-50.4547
-22.1031,-41.4693
-5.8425,-40.7002
-7.70734,-37.8446
-11.4031,-40.12
-7.0224,-37.1458
-4.9663,-39.0155
-6.24637,-39.2011
-5.19067,-39.2889
-5.07148,-37.9802
-6.18987,-38.2211
-6.07244,-37.716
-12.4053,-39.5007
-23.0105,-47.5318
-25.1195,-54.023
-22.2269,-50.893
-23.0676,-50.9145
-2.4254,-44.0973
-19.9636,-43.8079
-20.1061,-42.4502
-8.04666,-34.8771
-21.5289,-42.4676
-8.7227,-47.2421
-8.02529,-50.0317
-4.21587,-38.7277
-23.2638,-45.5422
-9.47937,-44.5811
-20.2401,-41.9848
-6.23115,-42.6842
-22.2181,-51.3055
-21.8914,-49.2268
-9.61944,-42.0848
-6.94992,-35.8011
-4.14191,-40.5759
-22.4705,-44.4509
-20.9171,-44.2407
-15.0743,-58.4585
-19.3194,-41.2462
-21.0642,-43.7598
-20.6056,-47.4833
-11.4832,-39.4234
-6.44005,-48.1371
-16.2258,-45.9888
-10.1244,-44.9503
-5.92654,-37.949
-8.13742,-35.8648
-6.25139,-38.3116
-13.6059,-42.9397
-7.68023,-36.157
-6.44067,-37.6483
-16.0091,-43.0488
-5.82156,-35.8215
-10.735,-37.1966
-7.35819,-46.6225
-6.54269,-35.661
-11.7508,-44.9143
-7.25347,-35.6693
-11.0729,-37.731
-11.8067,-39.3818
-7.14173,-35.2914
-15.3145,-49.5814
-15.4456,-49.5114
-5.93067,-47.3888
-20.4445,-53.7588
-24.6517,-49.0044
-11.0421,-38.4242
-7.69028,-42.7128
-10.8373,-38.5382
-7.55651,-45.2447
-8.50957,-35.3698
-22.0685,-48.182
-12.9367,-51.8244
-23.1941,-49.7597
-20.4579,-47.5904
-23.7067,-46.4058
-21.1699,-47.8099
-21.1879,-45.0637
-19.7621,-44.0844
-15.4508,-40.7441
-23.4091,-50.3601
-22.789,-49.933
-21.8382,-51.6103
-16.4856,-52.6924
-10.5357,-37.438
-20.0803,-47.4291
-21.5894,-48.0728
-21.7284,-50.7239
-20.0876,-43.7878
-19.2719,-40.3366
-23.7606,-51.4122
-22.7181,-42.6276
-15.2483,-58.1259
-24.3244,-51.3187
-21.8033,-54.5427
-20.2285,-42.6462
-22.72,-44.1419
-22.3984,-47.5546
-9.69965,-62.9011
-20.2412,-42.8995
-20.855,-43.4721
-8.6592,-35.1532
-23.7437,-46.3971
-7.78029,-43.1369
-9.47783,-35.8394
-20.2666,-44.3069
-7.31236,-50.0379
-19.447,-54.9859
-21.4649,-43.1168
-20.8556,-40.9388
-19.1861,-46.2455
-15.616,-42.5405
-19.9284,-43.1829
-21.2712,-43.1696
-22.0861,-43.8293
-2.7045,-59.6858
-17.774,-48.7725
-11.4814,-37.9332
-9.35002,-47.888
-6.80383,-35.0776
-17.7923,-50.9192
-18.9249,-54.8434
-18.2922,-43.0018
-11.3949,-46.8847
-22.1692,-43.5856
-22.5174,-41.9475
-22.8417,-47.6047
-13.5852,-41.8048
-22.9129,-43.2003
-14.4071,-42.0721
-13.1185,-42.2902
-16.6056,-40.5714
-9.34425,-48.5245
-19.9868,-49.6836
-21.0276,-44.3204
-23.829,-49.429
-19.9565,-54.8848
-21.6284,-43.0165
-21.2035,-42.8586
-8.85021,-38.78
-5.78393,-38.0579
-7.73864,-72.661
-11.7271,-61.7714
-23.3101,-51.3659
-18.8838,-47.5782
-10.8376,-61.4697
-23.412,-52.7659
-4.77793,-48.067
-16.4673,-54.6372
0.939956,-60.4389
-22.5782,-53.0603
-2.93444,-44.2531
-14.8259,-56.4236
-20.9812,-42.5112
-10.6904,-37.0357
-24.2682,-51.272
-9.83503,-35.9782
-16.4053,-42.261
-15.1617,-49.8048
-16.3775,-40.5397
-20.1759,-51.007
-21.3006,-50.7296
-4.10028,-54.9092
-4.92673,-37.9721
-5.88745,-35.933
-12.2816,-40.4931
-19.884,-43.8263
-21.4593,-49.5755
-18.6653,-43.0752
-6.5346,-39.9017
-23.3155,-51.555
-19.8622,-47.4508
-21.8823,-50.9594
-8.32864,-35.6967
-21.3427,-49.4897
-20.7696,-47.8369
-7.10098,-36.8458
-7.9269,-35.6503
-11.0288,-37.4804
-7.35337,-35.4305
-8.07373,-39.1247
-16.1753,-42.2964
-12.873,-38.7562
-0.630815,-47.3465
-7.28398,-40.45
-21.6267,-50.8614
-8.9723,-36.691
-22.8442,-47.6754
-23.1996,-47.2931
-22.8894,-49.9831
-16.0063,-39.9391
-15.1303,-58.1317
-23.6074,-49.6354
-12.9718,-38.5011
-7.13447,-45.3515
-5.35423,-47.8782
-16.197,-50.3124
-12.538,-49.9242
-22.4551,-51.7648
-8.36097,-36.5696
-21.2427,-48.8063
-20.0311,-50.7297
-23.2654,-50.4288
-9.73227,-38.1209
-11.9515,-38.9681
-19.9604,-43.4101
-22.7553,-47.4143
-16.5714,-49.6954
-19.9753,-42.1457
-21.9592,-43.7027
-1.19219,-48.238
-21.2431,-43.5607
-11.9125,-55.2263
-7.7389,-35.8764
-23.5201,-50.7835
-20.09,-50.9491
-6.22475,-36.0193
-6.5237,-38.0617
-8.24153,-40.3434
-7.81339,-38.1476
-22.1405,-47.4512
-21.2951,-47.4304
-14.964,-39.8115
-21.8235,-47.248
-17.3155,-48.4809
-21.1241,-44.2202
-22.9582,-53.2949
-16.0967,-41.7418
-0.661019,-49.1771
-7.94802,-36.2061
-20.2372,-42.8169
-7.1785,-41.7609
-22.8988,-49.6354
-10.1532,-52.3953
-5.80581,-41.9506
-18.8235,-42.4388
-21.4618,-48.3953
-9.11228,-45.9116
-8.16688,-40.6079
-5.49671,-44.5638
-23.04,-51.808
-15.7664,-51.1037
-16.6859,-45.4102
-7.15803,-48.7165
-20.2083,-50.932
-22.4572,-47.5272
-2.24426,-45.29
-6.7176,-38.6427
-17.8115,-50.5977
-16.9707,-40.6727
-3.65112,-45.3774
-7.621,-38.554
-13.2793,-39.814
-22.6376,-51.9024
-15.2958,-49.4259
-23.0025,-53.1989
-0.410824,-65.0092
-1.29686,-48.1606
-19.3108,-47.5322
-20.0999,-40.527
-8.9488,-44.1296
-4.06873,-45.69
-6.86092,-36.9178
-15.4342,-39.3287
-19.7548,-43.8497
-11.9074,-61.7777
-11.3536,-37.4586
-9.6037,-35.8232
-2.51123,-45.7801
-1.52147,-46.9008
-21.685,-48.0885
-20.3839,-42.2519
-5.83802,-35.6914
-21.9547,-42.0098
-8.79766,-39.8241
-22.5661,-48.1593
-13.3859,-44.2011
-8.85784,-49.7215
-19.4431,-43.1064
-20.0253,-40.7439
-7.83676,-35.8941
-1.35392,-47.5712
-16.2479,-40.1512
-18.1896,-42.4139
-8.8046,-47.7887
-23.1465,-50.5167
-21.3495,-51.7564
-23.108,-53.1103
-4.32608,-40.1523
-3.49308,-42.5688
-3.14241,-44.3211
-7.11724,-34.9753
-20.1414,-50.8358
-22.0292,-46.3385
-11.0063,-44.5255
-21.5658,-43.9163
-22.1474,-44.0977
-19.876,-42.1363
-17.3269,-53.2012
-19.3576,-41.3821
-15.1351,-49.1203
-21.3016,-52.8333
-21.7083,-47.478
-10.8617,-48.9161
-13.8146,-55.2706
-19.5186,-45.9611
-16.084,-49.4953
-10.6434,-37.1931
-21.4776,-47.3622
-6.79581,-42.2814
-11.4474,-48.1216
-20.2429,-50.6887
-19.9363,-40.5979
-7.07964,-37.4435
-12.7697,-39.5215
-13.7138,-49.0144
-10.2746,-47.8033
-7.37696,-37.4787
-10.4704,-50.514
-14.4326,-49.7091
-6.44438,-47.6684
-18.8414,-50.1208
-11.2508,-39.375
-12.9792,-44.0506
-20.2523,-50.8014
-21.2449,-45.5005
-21.2893,-42.5524
-7.54705,-38.3236
-23.4439,-46.9178
-18.9962,-44.0409
-3.46144,-40.2118
-9.3281,-50.35
-7.17613,-39.7302
-21.9512,-43.1583
-21.5983,-44.105
-9.36999,-37.248
-23.7587,-49.6293
-20.9007,-45.1285
-20.1031,-41.9278
-3.109,-42.4064
-5.94605,-36.6578
-9.17141,-36.2176
-19.3661,-42.5446
-6.94696,-41.5178
-19.1662,-43.722
-6.76643,-36.7312
-10.2922,-36.6105
-7.38162,-37.9819
-20.7868,-43.6949
-12.0311,-38.8694
-2.43849,-54.6996
-0.93097,-47.3855
-14.4945,-57.0091
-12.5472,-38.7137
-10.7892,-37.0564
-2.50068,-43.238
-21.9747,-51.6527
-7.22016,-36.6213
-23.6737,-46.5432
-6.31195,-35.4739
-21.0864,-47.1464
-17.5585,-50.6345
-23.2959,-50.0815
-16.4815,-49.3096
-12.9614,-39.2584
-6.98676,-41.2252
-22.6029,-46.9192
-21.541,-42.1832
-20.943,-44.9176
-20.9331,-50.498
-21.7606,-42.8115
-22.7351,-52.344
-15.9412,-48.2578
-20.3185,-42.6047
-18.4609,-43.3006
-3.09544,-67.9463
-16.5332,-40.1817
-22.1121,-46.6845
-14.805,-53.6075
-15.8632,-56.0788
-20.085,-45.2947
-23.4969,-50.6455
-15.3393,-42.6171
-19.2374,-43.2604
-1.1522,-48.1314
-4.86613,-44.3653
-6.04647,-42.7123
-12.428,-39.2505
-21.8467,-51.3929
-18.2968,-44.2229
-22.6957,-51.7969
-7.42072,-41.9063
-21.4634,-43.5499
-21.6376,-50.5044
-12.7208,-39.1824
-12.9892,-58.7645
-6.94018,-49.6834
-21.9949,-42.9142
-7.09359,-35.228
-23.4441,-51.876
-18.7828,-42.3629
-20.0367,-44.1446
-9.56911,-35.8227
-4.04913,-45.2457
-12.7387,-38.7625
-10.9428,-40.4155
-26.4116,-49.074
-12.4169,-41.7722
-20.6523,-49.925
-10.817,-44.8337
-14.571,-42.9434
-7.56803,-44.06
-20.3637,-51.4192
-20.1008,-42.8483
-5.25096,-44.0533
-16.7084,-49.0914
-21.7986,-42.9424
-6.03334,-35.6978
-20.9158,-43.0904
-6.1576,-35.1299
-22.1633,-46.1792
-4.31242,-51.5764
-5.4461,-47.2959
-17.9465,-43.2172
-5.58244,-39.3704
-9.46986,-37.4576
-3.35305,-40.4662
-24.1129,-49.4616
-10.4594,-40.1865
-20.7972,-43.3394
-18.8909,-43.0799
-21.0351,-43.5812
-9.74138,-41.8786
-20.4748,-42.4828
-11.8055,-63.0182
-21.9134,-44.518
-22.7526,-43.7155
-20.121,-40.3074
-21.3074,-47.5602
-18.3602,-43.1675
-7.48034,-36.666
-6.10478,-35.7113
-12.759,-43.9504
-7.20957,-38.3647
-6.66031,-37.3996
-12.0896,-51.4025
-12.156,-39.3305
-7.18622,-35.6842
-7.98178,-38.289
-6.68527,-35.4379
-19.4447,-45.795
-6.41762,-35.7033
-5.17725,-37.0242
0.901357,-52.0036
-13.5659,-43.5929
-19.1083,-46.6961
-17.7872,-40.2453
-21.2043,-47.5952
-21.5441,-46.0417
-1.85229,-45.1207
-21.8857,-44.5125
-18.3067,-51.9586
-15.8176,-42.8732
-6.81569,-35.6282
-6.28181,-35.5
-11.6584,-39.01
-6.11087,-37.9548
-7.94041,-39.2951
-18.5991,-43.3744
-11.4085,-40.2983
-23.0361,-50.8317
-23.0571,-51.0399
-8.06847,-37.2684
-6.75127,-35.4372
-21.1316,-47.9875
-19.4569,-44.2413
-23.9705,-55.0398
-17.6002,-42.1587
-5.77666,-37.957
-20.8108,-48.8054
-20.9302,-54.9692
-4.91665,-41.7311
-22.6574,-42.3961
-11.1471,-48.1694
-22.6638,-44.8522
-21.1615,-43.2128
-2.81748,-58.248
-22.0274,-45.8385
-16.66,-48.6083
-14.4644,-46.4847
-20.1341,-42.0091
-7.85294,-41.9075
-10.7387,-37.8097
-21.964,-43.3088
-7.59109,-40.8137
-12.7866,-38.4029
-11.8604,-55.5091
-8.58778,-35.1126
-10.5965,-37.1131
-9.45024,-40.8145
-7.14429,-35.2357
-3.68913,-40.3482
-19.2345,-42.0998
-7.86773,-42.4922
-7.05829,-36.3668
-22.0554,-45.0464
-7.59472,-37.6445
-5.71894,-39.0107
-6.75161,-35.6636
-17.5698,-54.7551
-19.1897,-40.0974
-23.4969,-47.4451
-12.5425,-55.7211
-6.77067,-36.2538
-0.73032,-48.5015
-6.75148,-38.2311
-12.088,-41.6427
-11.993,-48.9685
-6.47839,-44.1919
-6.40858,-43.5455
-20.6872,-50.9238
-22.8204,-47.2728
-22.0485,-42.6761
-7.66206,-36.884
-7.84746,-35.7481
-7.03687,-41.3767
-23.5448,-46.3112
-20.4981,-51.0268
-11.5929,-38.5938
-4.04713,-40.8596
-3.33515,-43.5287
-8.8166,-35.9453
-6.88596,-37.7243
-2.69781,-44.8289
-6.48529,-37.4488
-21.5839,-45.0699
-5.09259,-35.9587
-6.0258,-47.9012
-6.33798,-36.0863
-8.52637,-36.4465
-3.37223,-42.4191
-23.6914,-46.5646
-9.05797,-43.0076
-10.1141,-36.8522
-20.6242,-43.9515
-8.33763,-36.2869
-0.747293,-48.0246
-23.6229,-46.5548
-22.0174,-47.886
-23.3158,-52.4761
-11.0084,-37.2044
-12.3572,-44.9769
-6.80313,-37.9488
-10.7916,-37.5685
-11.4649,-39.5268
-13.621,-46.7415
-19.5246,-42.0106
-5.53732,-48.7366
-6.81471,-44.6509
-1.68768,-47.7665
-7.63273,-36.4374
-5.58095,-44.3822
-19.1452,-40.6281
-19.8678,-42.971
-12.8394,-39.0893
-11.9023,-61.5026
-6.37975,-37.1864
-21.6551,-41.756
-6.60773,-38.0968
-10.3442,-36.8869
-15.9514,-44.8593
-20.3623,-50.6952
-8.23599,-41.6873
-15.9256,-49.2605
-21.4702,-41.1091
-20.7036,-44.9838
-19.8611,-49.7727
-5.12584,-47.389
-20.7923,-42.2673
-12.052,-63.568
-6.25159,-42.8668
-5.97472,-38.1519
-1.16963,-47.7917
-7.2463,-42.541
-26.2579,-48.6344
-12.6104,-38.9727
-7.07535,-44.8092
-18.5959,-41.4889
-11.615,-50.6706
-13.4019,-44.1837
-5.93485,-42.1172
-10.1615,-46.6618
-6.64254,-51.9904
-11.2175,-41.8843
-0.11909,-67.084
-19.0182,-40.5365
-19.3889,-54.5507
-20.9252,-42.8364
-18.8411,-42.2867
-6.39471,-48.5592
-18.9097,-41.363
-22.8268,-43.0634
-18.3315,-45.8265
-3.60515,-38.9726
-5.79068,-35.3257
-10.0319,-45.3092
-19.9822,-44.8593
-5.99393,-42.7095
-19.8221,-43.366
-18.0025,-43.3854
-21.8932,-45.5893
-12.4331,-38.9663
-19.3087,-46.0465
-20.5812,-47.8593
-20.048,-44.2749
-8.43196,-35.8035
-23.4336,-52.2929
-23.7647,-53.8823
-27.6136,-48.6366
-20.7178,-46.313
-20.5935,-47.6424
-23.9122,-49.6577
-6.93646,-38.1622
-9.01278,-36.0515
-19.6971,-43.9586
-18.3243,-42.1431
-9.55768,-37.3831
-19.7006,-44.556
-15.0787,-39.3437
-24.8369,-54.0572
-7.24636,-38.2989
-6.83974,-37.3214
-6.0773,-35.2417
-7.1187,-38.502
-7.73633,-38.0894
-2.54704,-44.0597
-21.3661,-41.9511
-22.6414,-44.5774
-7.85723,-38.7577
-7.1607,-37.3036
-6.21054,-37.3601
-21.0274,-41.6636
-6.31087,-35.7067
-3.81411,-41.8308
-18.4793,-41.3907
-7.46945,-37.274
-19.9214,-42.7035
-18.281,-42.6729
-11.4137,-39.8669
-20.0058,-41.7486
-7.48554,-42.5672
-6.87194,-41.4731
-16.4549,-54.2487
-13.4398,-56.7218
-21.5953,-46.8873
-20.8113,-49.3758
-6.76295,-36.7972
-6.44002,-36.8746
-22.1525,-42.9327
-10.7982,-52.7486
-5.05493,-44.5809
-7.38775,-36.8085
-15.6276,-58.1772
-7.25238,-35.3725
-8.87576,-36.3653
-2.95398,-44.7953
-20.635,-46.508
-18.548,-42.7655
-21.5381,-43.0069
-14.7048,-47.5228
0.951659,-59.9133
-21.638,-41.0446
-21.9707,-46.7944
-6.81203,-41.3415
-3.95497,-41.2569
-16.8455,-44.3507
-21.928,-45.9297
-16.8126,-50.4092
-0.857885,-47.918
-15.9271,-44.0096
-5.51081,-41.8923
-6.94082,-41.8889
-20.3879,-50.3792
-14.8859,-44.0922
-20.5111,-50.3561
-22.8058,-43.3729
-0.780222,-47.181
-21.1311,-44.2526
-5.36334,-48.7926
-3.8186,-42.4459
-22.8535,-52.3411
-7.38168,-36.5345
-3.5503,-46.2507
-26.6213,-48.7683
-23.9833,-51.8215
-5.27516,-38.2694
-20.3933,-42.1533
-18.723,-41.1628
-19.3384,-42.1575
-16.5373,-44.5134
-6.45634,-47.0594
-15.3168,-42.0213
-21.2662,-51.6672
-8.35466,-42.2559
-6.72195,-38.4468
-6.71387,-37.2027
-5.10821,-43.8163
-8.07703,-36.8547
-6.4934,-43.7036
-7.08391,-40.8246
-22.1166,-45.0506
-8.00684,-35.0124
-23.8491,-46.9432
-9.16463,-42.5496
-6.81936,-41.3175
1.01019,-60.0419
-14.8608,-49.3285
-23.222,-45.3109
-2.53874,-44.2825
-4.38541,-44.6654
-16.5211,-50.3726
-3.66976,-39.2391
-9.31816,-35.5606
-6.92386,-37.0954
-23.3941,-52.6454
-18.7214,-39.8579
-4.03736,-44.4707
-6.20283,-38.4947
-5.85646,-42.1934
-13.0434,-39.4578
-7.24764,-35.2016
-10.3847,-37.3836
-20.7067,-42.7174
-13.2731,-50.1634
-7.59713,-42.3676
-5.12302,-35.6354
-1.61307,-47.4784
-11.6953,-62.7192
-17.0582,-48.662
-5.49729,-41.3165
-5.56305,-47.5743
-9.78301,-36.0971
-15.35,-49.818
-23.5329,-46.6395
-5.8994,-35.7642
-5.90559,-35.6317
-22.5483,-47.9096
-22.8429,-42.1026
-16.0109,-54.9176
-21.131,-46.6123
-5.08472,-48.4291
-24.9373,-53.8521
-23.8634,-51.8568
-22.8239,-53.2241
-5.92078,-42.7192
-18.3609,-42.5981
-22.7453,-49.7428
-6.82389,-46.5319
-20.1732,-42.5251
-5.79791,-36.8778
-9.01241,-42.6987
-7.02183,-45.4809
-5.11053,-45.0696
-5.0231,-45.001
-16.3641,-45.0749
-23.5226,-47.1357
-20.249,-46.3639
-19.7411,-40.6526
-12.7458,-48.2352
-9.93043,-36.559
-23.7951,-45.4143
-23.4656,-50.7625
-1.71597,-49.5249
-21.7041,-46.8208
-19.7477,-43.3679
-7.11034,-35.8678
-21.9578,-42.1328
-19.5064,-41.985
-18.0873,-42.5659
-20.2758,-45.0063
-20.9167,-46.9837
-12.5123,-38.4905
-19.2959,-43.1757
-22.2183,-44.9761
-5.26131,-48.2021
-2.55915,-57.8731
-8.15289,-37.0138
-21.4732,-47.5518
-18.996,-50.547
-21.7218,-44.9849
-20.9075,-44.5098
-20.7791,-47.0962
-5.96404,-36.0798
-23.5349,-52.5901
-11.9743,-48.2353
-6.21893,-36.6827
-2.89487,-44.8681
-7.58969,-35.4808
-21.7042,-44.4431
-6.85426,-36.4122
-5.87601,-46.7033
-6.11132,-35.909
-5.6012,-47.6381
-14.7992,-46.2506
-13.0801,-43.4689
-10.3545,-38.2213
-11.3007,-56.8312
-20.9602,-49.0307
-21.7239,-48.6896
-7.58366,-37.5377
-12.7026,-44.0075
-5.91948,-38.0367
-23.6019,-46.7526
-21.3632,-43.2381
-5.24353,-38.1282
-8.30867,-36.3
-9.09798,-38.1504
-22.3866,-51.2882
-6.48759,-35.6367
-23.636,-55.0141
-12.4026,-46.437
-23.4452,-49.4024
-21.1431,-48.5112
-2.94584,-48.9489
-15.8106,-42.2259
-12.1873,-46.9797
-5.63058,-35.5918
-21.1223,-48.4528
-12.7949,-49.0896
-21.7029,-47.2703
-23.2036,-52.4743
-4.83136,-40.3196
-8.40937,-42.9211
-20.6228,-49.6563
-6.19649,-35.7989
-14.6229,-57.4933
-22.7423,-42.7202
-14.0197,-41.2473
-13.5485,-42.4934
-9.53379,-36.4366
-6.59787,-42.2795
-11.968,-39.1033
-19.7621,-41.608
-5.62085,-63.1808
-23.7315,-52.8735
-7.20629,-36.8245
-13.5321,-39.1009
-19.9166,-46.8264
-23.3193,-53.0684
-11.8475,-40.7927
-21.4713,-46.7448
-19.8936,-46.0221
-23.9612,-47.5062
-12.695,-56.5178
-21.0737,-48.4126
-16.0521,-49.6039
-9.64529,-36.4928
-19.6652,-43.6922
-21.4049,-48.5103
-7.89446,-36.0423
-23.5307,-49.241
-22.4898,-53.3519
-22.3016,-51.5621
-6.67838,-39.753
1.50652,-50.9087
-19.2835,-42.0097
-22.7429,-50.5786
-8.4662,-45.7536
-23.3487,-47.8461
-23.0104,-45.5593
-5.98585,-40.2968
-7.62697,-37.8712
-7.22104,-37.2525
-17.5399,-39.74
-20.6561,-42.8564
-10.9056,-62.242
-3.98831,-39.5799
-10.2064,-36.8818
-6.45823,-38.182
-6.1378,-36.7135
-6.93855,-36.6273
-12.295,-38.6347
-22.5299,-52.1682
-11.4827,-38.9913
-13.5896,-39.484
-9.91656,-36.3492
-20.4378,-54.8647
-5.09194,-42.8034
-13.7801,-47.2659
-22.4165,-42.9752
-9.05621,-36.6272
-16.3945,-49.0797
-1.02963,-47.9004
-23.7683,-52.447
-8.22244,-39.3825
-12.3888,-38.6238
-10.517,-55.231
-22.7111,-52.6188
-20.787,-48.3314
-24.1575,-54.0988
-2.10443,-56.4877
-16.0809,-53.559
-17.8595,-41.5087
-10.2483,-62.3538
-3.72965,-40.9923
-23.1101,-47.7164
-27.2354,-48.6322
-7.50484,-35.3119
-6.45768,-37.2745
-4.25597,-43.932
-5.09769,-42.8329
-19.5811,-42.6471
-21.1102,-44.1744
-19.0037,-45.9626
-11.1798,-37.9995
-21.1774,-43.0127
-6.32447,-47.4224
-9.5632,-48.3741
-11.3694,-37.8433
-23.7796,-49.9499
-20.9086,-42.0228
-2.41302,-48.1415
-2.86582,-67.7919
-8.00955,-36.0637
-16.2006,-52.5571
-23.2462,-48.1955
-22.4237,-48.1731
-22.0388,-48.3342
-1.07653,-46.9031
-7.80228,-35.2314
-9.96262,-37.0071
-3.26932,-39.2681
-4.57347,-55.9429
-22.0638,-42.0643
-14.9736,-41.4142
-22.9571,-45.5475
-7.759,-40.2647
-16.6517,-49.4927
-6.5713,-38.5986
-7.83272,-38.0978
-5.85408,-37.1786
-4.538,-44.628
-13.5079,-48.7417
-21.6921,-45.2511
-20.2344,-50.8905
-20.7849,-51.7007
-18.2048,-45.2473
-21.3694,-45.5109
-18.3539,-47.776
-22.1165,-43.2185
-10.9584,-38.7894
-6.74687,-51.1626
-3.7657,-49.6773
-3.67355,-45.6238
-22.8193,-46.6937
-18.9844,-41.6527
-23.8648,-52.8769
-5.25476,-44.6444
-18.5866,-48.6985
-8.74798,-37.3445
-7.6003,-37.3165
-21.3825,-51.575
-8.97168,-48.1883
-8.39388,-48.1277
-21.9335,-50.5191
-1.65893,-45.3798
-2.21638,-45.3044
-20.9428,-50.1135
-17.2828,-42.7285
-20.0486,-50.4792
-3.58413,-39.4297
-17.8502,-50.3024
-21.8733,-45.7859
-16.6125,-50.1369
-2.99609,-65.1133
-9.83325,-39.4794
-14.303,-39.3222
-3.85448,-40.9204
-19.6351,-42.1059
-21.165,-49.7198
-23.4332,-45.0834
-14.2063,-39.5207
-16.2885,-44.7783
-13.2714,-39.666
-19.7472,-47.9381
-18.9141,-48.2749
-22.5272,-49.6613
-21.1204,-42.9359
-20.9511,-49.1713
-11.3394,-42.1354
4.60314,-60.1815
-14.2835,-49.9201
-6.51504,-38.4128
-3.75007,-47.4892
-6.63893,-38.7008
-5.98238,-37.818
-11.3809,-37.6623
-10.7339,-41.3234
-17.2548,-40.5779
-7.69199,-35.6582
-3.67654,-39.3465
-23.7656,-53.3201
-15.2791,-39.0765
-16.3592,-46.9022
-23.0868,-52.1573
-4.58571,-42.8583
-20.8862,-49.9025
-19.5299,-50.338
-11.5308,-54.3616
-9.15921,-36.0223
-5.63761,-37.2635
-14.7678,-42.6498
-23.2,-50.7939
-3.20642,-43.3878
-21.7866,-49.2848
-15.4993,-49.6861
-16.0634,-46.2443
-3.71519,-53.7396
-14.5238,-49.1396
-3.62316,-39.5107
-2.52936,-57.7538
-16.1244,-45.7352
-3.12841,-58.1496
-20.3521,-42.737
-3.30819,-40.5628
-11.1261,-62.3639
-21.2032,-49.2931
-17.4651,-48.2015
-14.5963,-39.2851
-7.23944,-44.5577
-20.2455,-50.6455
-12.0783,-41.0954
-15.286,-59.0683
-9.86215,-62.1876
-10.4465,-62.1352
-11.4062,-39.457
-20.4217,-50.0889
-13.3669,-39.073
-22.2445,-43.7129
-6.40301,-41.7375
-22.9698,-46.9974
-21.2229,-50.8699
-16.0651,-47.9757
-19.5988,-42.2949
-20.669,-41.0179
-20.3333,-46.3688
-3.53639,-43.917
-23.5993,-47.022
-15.3987,-42.3085
-21.8322,-46.8913
-21.5556,-45.4364
-4.19387,-40.4741
-17.0471,-49.6312
-18.3741,-46.0313
-20.9276,-41.8701
-12.9672,-39.3919
-15.6992,-44.0278
-22.4059,-43.6686
-17.9827,-46.9088
-20.327,-41.1355
-6.32016,-38.4896
-8.57885,-36.8742
-12.3017,-55.3045
-6.04399,-35.428
-12.9568,-38.6153
-22.2183,-49.8207
-25.0577,-53.8771
-7.59748,-41.4673
-7.92235,-38.9701
-15.5845,-43.6121
-17.2183,-40.0974
-17.3974,-42.7307
-20.0406,-42.2688
-7.77084,-35.8491
-7.90158,-35.9681
-19.6657,-48.3118
-19.6883,-43.9239
-3.20451,-44.9912
-20.3825,-40.4933
-16.7405,-48.5159
-22.4098,-54.4415
-17.7322,-49.8047
-7.65655,-35.3139
-20.867,-42.2401
-6.50684,-38.2567
-0.861194,-48.1386
-15.0068,-59.9504
-15.0387,-47.052
-6.31287,-35.067
-7.13272,-40.9345
-5.18889,-48.1336
-18.6091,-40.609
-15.4542,-48.8819
-10.0137,-51.1186
-18.9958,-40.3849
-12.7502,-60.1488
-23.0302,-46.9833
-20.8734,-48.293
-16.807,-42.3431
-18.8154,-42.7015
-18.4738,-42.3067
-21.0127,-42.8361
-1.19124,-46.1399
-21.1692,-48.6284
-6.7303,-37.5704
-4.28184,-45.2505
-20.3155,-40.3128
-20.1956,-50.4875
-14.8615,-40.8442
-8.12819,-35.2976
-0.938,-52.424
-3.45125,-44.8643
-2.87922,-52.0088
-5.98253,-37.9462
-9.36763,-36.2431
-20.7559,-42.8742
-3.5667,-41.0916
-21.7671,-42.5375
-22.5202,-44.0996
-23.5446,-47.4388
-20.4237,-49.9781
-6.34641,-35.3732
-6.76189,-36.9913
-6.78264,-39.2942
-9.238,-42.9692
-6.54899,-42.248
-15.6458,-56.1322
-11.2557,-40.9432
-23.2136,-46.8234
-17.5944,-44.7226
-11.6005,-40.1328
-11.5273,-40.3149
-12.2819,-41.1715
-7.23151,-41.905
-12.1144,-43.8958
-6.85274,-47.9601
-13.6908,-39.4762
-6.4141,-48.532
-23.7364,-53.4884
-8.8046,-35.6212
-7.0983,-49.9437
-10.823,-42.7245
-8.07901,-37.1057
-21.0506,-50.0552
-3.27014,-45.6553
-6.79053,-50.4791
-17.9914,-42.3806
-14.051,-52.1601
-5.88856,-42.637
-7.51144,-37.6357
-9.262,-37.938
-20.4452,-52.879
-20.0576,-48.1069
-2.84048,-42.1189
-18.5482,-40.9854
-11.8618,-38.7639
-14.9778,-47.7823
-18.0771,-48.7603
-6.20351,-38.2941
-8.70609,-35.5263
-9.11125,-37.1226
-17.0802,-40.9384
-15.7617,-48.2816
-15.7431,-41.4571
-21.9319,-46.7176
-22.8812,-49.2421
-22.5977,-47.8734
-18.9846,-40.7437
-20.3203,-49.9141
-22.0764,-51.4722
-22.0841,-49.719
-23.1946,-51.9154
-13.4215,-42.1352
-1.90107,-55.5208
-22.9435,-49.3419
-27.6126,-51.0233
-26.5716,-52.3229
-27.4087,-49.822
-27.2662,-49.708
-29.6447,-53.2515
-25.9899,-49.3343
-28.2342,-53.7757
-27.6579,-54.7649
-29.7902,-55.7949
-27.8345,-54.0557
-27.7001,-49.3273
-25.3188,-49.3037
-28.1149,-52.9142
-27.2502,-53.0341
-24.7983,-52.7128
-28.7769,-52.9893
-27.4333,-51.9044
-29.3919,-51.3123
-26.1146,-52.7469
-29.9914,-51.0809
-30.8756,-52.2509
-27.3607,-53.183
-22.7088,-46.772
-25.9168,-53.4686
-24.6449,-53.1332
-26.5382,-53.3319
-28.6283,-51.5797
-23.4917,-48.4139
-27.5704,-48.9879
-27.6897,-51.1271
-27.9012,-49.1316
-28.9698,-52.0102
-25.9804,-50.1972
-28.8565,-51.2883
-22.8495,-45.2325
-24.5108,-48.8443
-27.0375,-49.3885
-27.1587,-52.1423
-30.9092,-51.5046
-24.1548,-49.8285
-28.9356,-49.4918
-29.6168,-50.9291
-27.3978,-52.2975
-25.5859,-49.4047
-23.5029,-47.6166
-28.2448,-49.0215
-32.2327,-53.0862
-26.9257,-51.3407
-29.4014,-51.9557
-31.4389,-52.4246
-29.5439,-49.8895
-29.3348,-53.0966
-30.0875,-51.7275
-27.0748,-52.4543
-28.8737,-52.1781
-26.9548,-49.3783
-27.4219,-49.7789
-23.1171,-46.5563
-28.5172,-53.9883
-27.3098,-49.6295
-23.1067,-48.9251
-31.3297,-54.0999
-25.5804,-49.6291
-26.7705,-53.6413
-26.654,-53.44
-27.9205,-53.0391
-24.4722,-49.0238
-27.1927,-53.7109
-30.2029,-57.5497
-27.4069,-52.4084
-24.759,-48.5013
-26.2502,-53.6324
-27.6739,-51.4585
-29.0947,-52.5836
-29.3725,-51.4949
-27.6208,-52.3798
-30.3891,-51.7384
-25.8842,-53.6725
-26.2746,-50.4664
-26.843,-53.5758
-26.781,-49.3593
-27.5086,-52.5995
-29.1662,-51.5165
-23.0164,-49.4679
-26.1607,-51.5518
-26.9155,-49.0709
-25.6324,-53.2108
-25.4308,-53.4117
-27.6671,-53.3102
-27.6693,-54.1082
-28.5791,-53.8108
-28.8185,-53.391
-29.3544,-51.6687
-27.7455,-49.9423
-25.2066,-49.1141
-23.2855,-47.6786
-22.1545,-42.4251
-28.3377,-49.6373
-26.7326,-52.3919
-28.6697,-50.4295
-26.6927,-53.0967
-26.1958,-53.5955
-23.1356,-46.4675
-29.4856,-51.3548
-27.5399,-53.8716
-22.4675,-46.144
-27.799,-49.487
-29.6071,-51.9456
-24.3155,-49.1451
-26.0731,-52.8353
-29.3046,-52.4284
-28.7291,-54.9035
-22.8837,-48.4437
-27.2007,-49.0689
-28.3659,-53.772
-27.6173,-53.7405
-24.8173,-53.1218
-22.9527,-46.5419
-22.4743,-45.6166
-28.2681,-49.1701
-27.3586,-49.8821
-29.5501,-51.5945
-27.3058,-50.8684
-27.0977,-48.9107
-22.4383,-46.3491
-23.7977,-48.5958
-30.1179,-51.9601
-29.8883,-54.822
-22.3511,-45.7809
-30.033,-52.8928
-29.9472,-51.1016
-27.767,-51.6597
-24.6189,-53.3207
-28.2905,-54.6454
-27.0741,-53.2458
-27.2791,-53.4257
-24.7324,-48.1223
-26.5942,-51.095
-22.7515,-46.1494
-30.8489,-51.8043
-28.588,-52.2003
-29.0474,-50.1465
-22.6115,-46.0572
-28.7926,-51.0941
-25.3044,-49.0551
-24.5893,-52.7976
-27.9888,-54.8416
-23.5895,-48.4758
-25.0802,-51.8237
-27.7174,-52.6248
-26.195,-49.2676
-27.8975,-50.7595
-29.6747,-51.0606
-25.0294,-52.9939
-26.3931,-53.0856
-25.4525,-49.529
-25.3687,-49.4501
-27.6792,-53.8052
-25.98,-49.6844
-28.8871,-53.0008
-27.4002,-51.2276
-22.7296,-45.5833
-22.7003,-45.0521
-29.6684,-52.7895
-31.5516,-53.6773
-25.5758,-52.0409
-29.356,-50.8119
-31.396,-52.6783
-29.9128,-51.1857
-26.1766,-50.395
-25.3734,-52.1198
-29.3271,-52.2374
-25.6691,-53.8055
-29.6961,-51.328
-23.4685,-47.7388
-27.3473,-51.6057
-29.2674,-51.9853
-25.4816,-53.6112
-28.4498,-48.9631
-30.1383,-50.5152
-27.9389,-50.5098
-24.0113,-48.3482
-28.1254,-51.3961
-28.9312,-54.5558
-31.7565,-52.4889
-24.9152,-50.0986
-28.2958,-52.7933
-29.7869,-50.4316
-22.0424,-45.696
-29.2969,-51.5028
-27.7167,-51.9121
-28.5605,-51.9815
-24.9573,-53.459
-28.2582,-51.6861
-24.7891,-50.0108
-25.2044,-53.1548
-27.069,-51.6602
-28.2554,-54.0132
-27.1624,-52.8807
-29.1629,-51.1792
-26.7757,-51.012
-23.0992,-45.7076
-30.5144,-53.4827
-27.6327,-51.335
-27.7615,-51.9984
-23.038,-49.1655
-31.8419,-52.8004
-26.0891,-52.8691
-29.657,-52.9406
-27.6106,-53.1672
-30.5905,-51.7418
-28.1463,-54.7428
-27.7942,-50.8673
-28.0559,-53.0665
-27.5905,-49.5539
-27.1004,-52.6152
-29.9625,-51.6289
-27.9493,-52.015
-27.923,-53.9419
-25.8515,-52.5173
-30.7504,-51.9737
-30.1604,-50.2337
-28.3419,-51.8741
-26.4043,-52.3508
-28.5986,-49.3335
-29.3948,-51.8556
-25.2925,-49.2262
-28.5258,-52.9928
-22.1576,-45.4562
-22.4078,-45.7996
-27.2335,-52.026
-28.2075,-53.4905
-23.5493,-50.5569
-22.5493,-45.9255
-27.732,-52.9938
-25.6788,-49.535
-29.1802,-52.0942
-28.1194,-52.7842
-24.7971,-53.3006
-26.9844,-52.6056
-28.3921,-54.0686
-27.7197,-53.7022
-26.2277,-52.0356
-26.9057,-52.7011
-26.511,-52.6694
-29.2695,-51.6847
-25.9767,-52.5641
-27.5877,-50.3614
-26.4246,-49.246
-28.9891,-51.6971
-28.128,-52.3023
-28.6723,-49.3729
-27.4999,-54.0994
-31.0046,-52.0436
-27.452,-53.2422
-22.208,-45.2673
-28.645,-53.6048
-26.0166,-51.343
-27.6672,-52.6522
-25.6192,-53.1285
-29.5148,-51.9928
-23.8911,-46.424
-23.0731,-44.9576
-26.895,-53.1662
-26.9709,-53.0895
-25.4195,-49.2646
-27.2824,-50.5816
-24.0362,-50.4576
-27.9515,-54.7517
-24.5649,-51.3372
-22.6269,-46.0241
-28.3849,-51.8482
-22.5036,-45.2792
-27.2642,-53.8645
-26.827,-53.5034
-28.219,-55.0617
-25.035,-52.6768
-29.7054,-54.2122
-29.5836,-51.0898
-27.6621,-53.5304
-28.983,-51.8396
-25.7407,-53.057
-30.7004,-52.1026
-30.9756,-54.6694
-29.3639,-49.853
-26.981,-49.7261
-29.6195,-53.3617
-27.5103,-54.3577
-26.7174,-49.4795
-29.084,-51.9972
-24.5665,-49.4219
-24.5281,-48.1141
-23.7868,-54.2838
-30.0847,-51.6187
-29.2351,-51.8703
-30.543,-52.5204
-27.706,-52.9145
-26.7225,-52.5585
-24.7042,-54.2385
-27.5298,-52.7347
-28.3686,-54.2686
-25.9445,-53.1659
-27.8544,-52.3005
-27.6364,-52.2697
-28.9869,-49.643
-28.4977,-52.5836
-27.3926,-52.574
-27.5443,-53.5005
-27.2743,-51.443
-28.0518,-51.1933
-27.3603,-53.9891
-25.4216,-52.8348
-28.7286,-52.8461
-27.9135,-52.2635
-29.852,-51.1841
-22.4577,-46.0191
-29.5002,-51.9495
-29.1713,-53.1639
-29.6535,-51.1843
-28.5315,-54.1506
-22.854,-46.3178
-28.8794,-51.7014
-29.2227,-51.3419
-29.5788,-53.4484
-26.8451,-52.2596
-27.4238,-52.6789
-25.6624,-49.3073
-29.5885,-51.8217
-29.4527,-51.3032
-25.4107,-50.5456
-26.2523,-53.3092
-26.7811,-53.3505
-29.0261,-51.1875
-27.8614,-52.0838
-27.5945,-48.5477
-28.9817,-52.3445
-30.0035,-53.4959
-26.6453,-52.7946
-29.3828,-52.0981
-28.7454,-49.4785
-28.7986,-53.2249
-25.5427,-54.5827
-25.7371,-52.1188
-27.0233,-50.92
-24.0667,-53.8461
-26.0817,-53.0535
-27.3586,-53.3958
-27.175,-50.8076
-26.4549,-52.6875
-29.259,-51.5352
-28.1944,-55.6383
-26.9336,-48.9534
-27.5856,-52.0915
-26.425,-51.3172
-29.9032,-51.7612
-28.4316,-52.0337
-27.8911,-52.2294
-28.0297,-54.3517
-29.8798,-50.7734
-24.1835,-53.0248
-22.6545,-45.8556
-29.3734,-50.8762
-29.2706,-52.5795
-27.4429,-52.9149
-28.3208,-49.0427
-29.9413,-50.9869
-28.1809,-49.2252
-28.5421,-51.6948
-27.0808,-48.9804
-25.1912,-50.8021
-24.1892,-48.5295
-28.8399,-51.8895
-26.6042,-53.5243
-26.4688,-49.0026
-28.1491,-54.5629
-25.0968,-52.8755
-25.3902,-51.4623
-23.4112,-46.0369
-22.8075,-45.1938
-23.3714,-48.1837
-23.9888,-46.258
-26.3858,-53.5296
-27.1341,-52.7887
-30.1086,-51.3233
-24.085,-54.2573
-29.5456,-51.4185
-32.024,-53.3944
-27.1903,-51.4917
-29.4552,-52.6553
-26.139,-52.3848
-27.6282,-54.3053
-31.4067,-53.8667
-27.5691,-53.9695
-23.8478,-50.1932
-29.4203,-53.1295
-25.1193,-53.0072
-27.1847,-51.2352
-28.0566,-51.8599
-27.0881,-51.3681
-28.3741,-51.6377
-27.0547,-49.5193
-28.6247,-52.5158
-28.6302,-53.0961
-29.5693,-50.7919
-24.7153,-53.0827
-28.388,-53.92
-28.9282,-52.1258
-28.3339,-48.817
-24.448,-50.7533
-25.2285,-50.5989
-27.4908,-49.4218
-29.9753,-50.1281
-29.3508,-51.7748
-22.3136,-46.3264
-26.8992,-49.2354
-27.8354,-54.1886
-27.8752,-54.015
-25.5704,-51.0769
-27.0019,-51.2442
-27.4038,-51.7758
-25.0238,-50.5794
-27.9404,-52.4271
-24.5847,-48.5971
-26.9854,-53.5355
-26.635,-52.4556
-22.1013,-46.1915
-27.0772,-52.1289
-28.8171,-51.2859
-24.4262,-53.3528
-26.8215,-53.2767
-27.0287,-51.9012
-25.4697,-50.6493
-26.6539,-52.8955
-27.1951,-53.2543
-24.4253,-52.1012
-26.242,-50.7957
-29.6013,-53.7725
-28.7913,-55.2447
-25.1366,-54.3001
-26.339,-49.9092
-25.9619,-52.8152
-25.2193,-49.3454
-23.5886,-48.0483
-22.7665,-46.2241
-23.9788,-48.8764
-27.1659,-53.7166
-24.572,-49.1661
-28.7768,-52.1693
-29.1311,-56.5515
-24.1085,-49.3352
-29.4974,-50.1016
-27.3846,-52.4538
-23.1047,-48.6157
-27.4101,-49.5963
-27.2907,-52.3212
-25.0067,-50.857
-29.5232,-53.5842
-29.5995,-51.1533
-28.7132,-49.3087
-27.1782,-51.7279
-27.6347,-53.2762
-23.2983,-45.9658
-28.9961,-49.7623
-29.0401,-53.0657
-24.6963,-48.0064
-27.7291,-52.5372
-29.4936,-54.703
-24.2439,-49.7066
-28.6146,-49.0296
-32.5604,-53.377
-23.2522,-45.6942
-24.1401,-52.7784
-23.8903,-54.4059
-28.8811,-50.3637
-26.7191,-52.8625
-29.2922,-54.2237
-24.3839,-53.3849
-22.927,-46.2741
-27.1721,-51.5108
-26.9566,-49.6286
-26.395,-52.7298
-24.3101,-47.6426
-24.4209,-52.8413
-28.6435,-54.1141
-29.2299,-53.6772
-27.2579,-51.5577
-27.815,-50.3259
-29.4939,-53.017
-28.2093,-51.5248
-28.5676,-52.8618
-23.0846,-45.1944
-29.2348,-52.7997
-28.4843,-48.7772
-29.4591,-51.9644
-26.8576,-52.5648
-27.6913,-53.1818
-25.7671,-49.7168
-25.4077,-52.4109
-27.2173,-49.7331
-28.3859,-49.4035
-30.8071,-53.8931
-26.928,-50.6921
-27.5081,-49.2789
-27.601,-53.0753
-25.2596,-53.5733
-29.5859,-51.2141
-22.5226,-46.65
-27.0545,-52.069
-29.4679,-51.2003
-27.1684,-49.535
-22.7334,-45.1197
-26.7151,-48.9322
-27.1304,-51.4682
-27.5667,-51.6668
-26.8552,-51.3705
-26.1159,-49.8086
-27.4192,-48.9488
-26.3709,-50.3266
-25.8806,-50.8173
-29.2136,-49.9311
-25.777,-49.3282
-23.0056,-49.3202
-26.1441,-53.3113
-25.9421,-52.1743
-29.5859,-55.4841
-29.6798,-50.2079
-28.8463,-49.4605
-29.5457,-51.5573
-28.4498,-52.1986
-26.7665,-53.1737
-27.4676,-51.9095
-26.8024,-52.6264
-22.3044,-45.3773
-30.353,-51.5803
-27.3568,-52.1467
-26.355,-52.5532
-26.1472,-53.0267
-22.447,-45.1645
-29.3311,-52.0973
-25.112,-52.2497
-26.6109,-49.0054
-29.5649,-54.4641
-28.28,-52.1932
-29.5285,-52.1278
-28.252,-54.6159
-26.4709,-51.1501
-23.8988,-51.2277
-27.6325,-51.802
-29.1445,-56.0674
-28.8244,-49.6378
-30.1346,-52.0423
-24.2766,-47.4625
-27.497,-53.6891
-27.197,-50.0786
-25.0919,-54.2477
-26.7729,-53.04
-27.1008,-53.4032
-28.6462,-52.0767
-22.6817,-46.681
-28.6805,-50.7834
-29.1607,-51.6333
-27.2239,-50.9808
-26.461,-50.2327
-22.4335,-46.573
-22.9544,-45.8407
-29.6824,-51.4679
-24.0509,-53.0102
-28.6968,-52.6999
-29.3578,-49.9328
-28.8006,-49.7214
-31.5887,-52.6261
-29.5379,-51.0811
-28.6511,-49.2169
-31.1054,-50.9167
-28.3132,-51.1836
-28.3253,-51.7697
-23.9355,-54.281
-22.6092,-46.362
-29.163,-51.8714
-23.1747,-46.3983
-28.5298,-52.4676
-27.3689,-52.7756
-28.6822,-52.1631
-28.6537,-51.7458
-24.5289,-53.2575
-28.7291,-51.7072
-27.9926,-52.9784
-29.2182,-52.0319
-24.1224,-48.9022
-27.6137,-54.1074
-24.6723,-52.5661
-26.8982,-52.9066
-25.9004,-53.2618
-29.4066,-54.8293
-29.5808,-50.9051
-26.9428,-52.8141
-25.3054,-52.5447
-29.471,-53.4689
-29.3741,-51.1136
-28.7799,-51.6113
-25.6309,-53.3469
-29.0275,-51.3098
-28.0667,-53.6992
-28.9882,-51.4095
-23.5865,-50.7598
-29.8525,-51.2837
-27.278,-48.9298
-28.6338,-49.5055
-27.9077,-53.1103
-29.7338,-52.9489
-29.6875,-51.1328
-26.4442,-52.8281
-27.5765,-54.5036
-27.5649,-53.1837
-27.749,-53.0639
-28.4548,-52.8182
-28.3487,-49.2986
-24.2058,-50.9185
-29.8881,-50.2667
-27.4789,-50.1231
-27.3379,-51.6194
-26.692,-52.3108
-27.2541,-52.4975
-27.7075,-51.763
-27.9234,-50.0972
-27.6455,-48.6697
-26.3471,-53.2771
-30.2535,-50.5103
-26.4839,-51.9888
-25.4257,-50.007
-27.583,-50.1577
-27.9007,-53.3134
-27.3596,-53.558
-27.0702,-53.1586
-24.2868,-53.8404
-28.2833,-53.5023
-30.1902,-52.3729
-26.3777,-50.1419
-23.3872,-45.6639
-22.5539,-45.7803
-28.5964,-51.7896
-26.62,-53.6716
-29.6717,-53.144
-23.0841,-48.3679
-29.6365,-51.3974
-24.7147,-47.8742
-29.6243,-50.8312
-22.3871,-44.9709
-29.4577,-52.9599
-28.2576,-52.4091
-29.3099,-49.722
-29.748,-52.2748
-26.7829,-52.0568
-24.6271,-54.2265
-26.2292,-52.6706
-26.2105,-50.931
-27.7051,-52.4169
-26.0466,-50.8304
-29.5486,-51.7339
-22.7902,-46.4455
-31.7365,-53.5814
-28.4339,-49.1949
-31.8642,-52.8184
-28.4283,-53.6579
-31.7649,-52.3371
-27.3754,-51.9018
-28.3966,-48.8864
-27.5346,-49.6937
-29.4464,-51.1367
-23.8077,-47.7222
-25.4429,-49.1927
-27.508,-53.2082
-29.345,-53.3206
-27.8751,-51.1673
-26.0324,-53.482
-22.7811,-46.5897
-26.8495,-52.9913
-27.2109,-53.608
-31.5794,-53.3798
-27.0483,-51.2243
-25.6944,-51.6536
-29.0975,-51.4503
-22.6069,-45.1869
-23.0525,-46.3594
-22.395,-45.5324
-22.5249,-45.4945
-28.0439,-55.2001
-25.4422,-49.0624
-31.4473,-53.0973
-27.4242,-51.7668
-24.5306,-49.9433
-26.0965,-49.4336
-25.7211,-53.7642
-27.3297,-53.0575
-27.0704,-52.867
-26.7384,-49.1785
-25.0916,-50.1668
-27.4835,-50.3764
-27.1591,-50.4659
-27.6587,-52.4848
-26.8733,-52.0112
-28.0585,-52.6791
-30.0318,-51.2065
-25.54,-49.8946
-25.5477,-52.4067
-27.8569,-55.01
-27.5796,-54.6657
-26.2451,-51.0759
-27.7405,-54.8994
-26.1674,-51.231
-27.9082,-55.1379
-29.7015,-51.2429
-22.8343,-45.2552
-22.2266,-45.9389
-29.1738,-52.2136
-27.2567,-49.9301
-29.4481,-51.6719
-29.1918,-49.9525
-26.0209,-53.7397
-22.8112,-48.6636
-27.2218,-51.8089
-27.0474,-49.6246
-29.5175,-51.1798
-27.2768,-49.3889
-26.4441,-53.5994
-29.2441,-52.3197
-28.7572,-51.4757
-25.2111,-50.9754
-29.0045,-52.1569
-25.8278,-53.7433
-23.2993,-48.0547
-30.384,-56.4483
-24.2775,-53.0759
-23.5671,-49.916
-25.3673,-49.0763
-27.8257,-52.4424
-25.4492,-52.9102
-29.3504,-54.0789
-26.7264,-52.724
-28.7466,-53.1011
-25.8734,-49.4973
-24.3065,-52.9552
-27.6727,-49.0191
-25.7711,-53.526
-25.6232,-50.6877
-27.664,-53.6407
-24.4979,-47.8449
-29.1164,-52.0778
-26.1588,-52.9703
-24.6492,-50.8466
-25.8319,-52.0272
-29.8188,-53.3807
-24.2206,-48.7635
-24.1011,-48.3679
-25.7306,-50.7985
-25.4874,-52.5292
-25.1892,-49.3115
-28.1244,-49.1068
-32.0349,-52.1071
-26.2591,-49.5177
-26.095,-49.7982
-29.988,-52.3711
-27.8592,-49.7754
-26.8946,-51.0674
-26.9452,-50.136
-27.1952,-49.7989
-27.2156,-49.643
-26.7398,-49.2718
-27.2973,-52.8417
-29.639,-50.4488
-27.0653,-53.3265
-29.2884,-51.8658
-26.9243,-49.3649
-27.4742,-53.1706
-28.2566,-54.8186
-29.6462,-50.5819
-26.6809,-53.3172
-24.5958,-52.2716
-27.7758,-52.8056
-27.8315,-52.9081
-28.1297,-55.0266
-22.8938,-45.307
-30.2515,-54.9221
-27.7085,-53.1351
-28.3941,-53.097
-23.5288,-45.8465
-26.9798,-49.9988
-26.1777,-53.3631
-26.6049,-53.0578
-26.903,-51.4043
-23.6474,-47.5743
-29.0951,-53.2133
-25.7813,-53.3135
-28.1233,-54.8373
-29.4386,-51.5077
-27.947,-51.8079
-28.6326,-49.1322
-30.8773,-55.5392
-23.3933,-45.8875
-28.3653,-53.251
-26.9592,-50.4252
-28.1609,-51.9279
-29.4747,-52.0843
-29.722,-52.4343
-24.8585,-54.336
-26.937,-53.6214
-23.3172,-46.2237
-25.8217,-53.4801
-25.4104,-53.5638
-30.3393,-54.0817
-29.6868,-53.8149
-29.4902,-50.9919
-24.9377,-51.8696
-22.2461,-45.7034
-27.8702,-54.4796
-28.0331,-49.133
-29.1313,-49.7109
-29.1655,-51.7351
-25.0543,-53.6274
-26.7813,-50.009
-25.4391,-54.402
-26.624,-53.1997
-33.525,-53.3717
-30.8697,-53.11
-29.1897,-54.8666
-26.6388,-52.6799
-27.6852,-48.7813
-29.8268,-50.5175
-28.514,-55.2251
-28.4956,-52.0267
-22.827,-45.663
-28.403,-52.6992
-26.0737,-53.7251
-27.8526,-53.7776
-27.8263,-54.662
-27.9074,-51.6434
-28.3001,-54.2668
-23.9535,-46.335
-29.6349,-51.0064
-23.9078,-50.5801
-29.8276,-51.145
-22.7409,-45.738
-27.942,-52.9231
-23.6397,-47.8249
-23.2721,-49.4763
-25.6917,-52.6184
-26.9317,-53.0021
-27.1564,-52.299
-27.4829,-53.4026
-27.6367,-53.9493
-29.3523,-52.9767
-28.6294,-52.9498
-22.5869,-46.1763
-28.025,-54.5507
-30.6107,-51.5862
-28.7126,-51.9352
-26.7229,-53.0409
-22.6139,-46.7033
-25.3799,-54.0518
-27.9798,-52.2588
-30.4562,-51.6017
-24.382,-47.9279
-28.1362,-54.4637
-27.4362,-52.1217
-28.5955,-49.4314
-29.6467,-53.591
-29.5357,-52.5304
-23.6875,-49.8304
-29.4194,-53.0326
-22.5903,-46.5251
-28.8306,-52.5131
-29.108,-49.6328
-26.7351,-52.964
-25.7066,-52.7299
-22.6837,-45.7287
-26.2495,-49.3831
-26.4739,-52.9687
-27.9009,-48.9326
-28.6578,-56.0036
-27.0798,-53.0037
-27.2666,-50.4388
-26.5548,-52.5313
-28.5312,-51.886
-29.5547,-55.1253
-29.4404,-50.5828
-30.3337,-54.3217
-29.9716,-51.7251
-23.7218,-50.7475
-28.2887,-49.9457
-28.4984,-51.7064
-25.7085,-52.9204
-27.7789,-53.1226
-22.3243,-45.5258
-26.4561,-53.4955
-27.6602,-50.5733
-29.052,-52.295
-29.528,-51.245
-27.7251,-54.1275
-32.0151,-52.0331
-27.7707,-51.5966
-29.5448,-51.4821
-28.7476,-50.0677
-23.1896,-45.8841
-25.5313,-49.2031
-25.8214,-52.7252
-27.2772,-48.8474
-27.8195,-51.8257
-27.0984,-53.5977
-29.6194,-53.4439
-29.2154,-49.8094
-25.683,-50.2949
-29.7545,-51.1498
-26.3557,-52.8498
-31.3564,-51.9715
-28.3144,-49.1806
-28.412,-54.9559
-22.7321,-48.5723
-28.9677,-51.0696
-28.1609,-48.9867
-27.7112,-53.9699
-29.5397,-53.859
-25.8677,-50.384
-23.8782,-47.9935
-26.687,-53.2511
-28.556,-54.5559
-25.3492,-54.2405
-26.7242,-53.5163
-28.1834,-55.2654
-28.0195,-54.9404
-29.4193,-51.5134
-27.7706,-53.2513
-27.5665,-48.8048
-28.1243,-54.8926
-29.6202,-54.1855
-22.1583,-45.7546
-29.5885,-51.3749
-30.1643,-53.5603
-27.5583,-52.5237
-29.0451,-51.7684
-27.7906,-53.9368
-29.3729,-51.3675
-23.9574,-46.3883
-29.6882,-54.6826
-29.3904,-52.2685
-29.643,-51.6823
-27.121,-49.9942
-23.7204,-51.0991
-27.0996,-51.2473
-28.0652,-52.0097
-28.6277,-52.8613
-30.6683,-51.3991
-29.6505,-50.7753
-29.7943,-51.8653
-23.9211,-48.6948
-27.4005,-53.4702
-31.2843,-51.088
-25.3701,-50.4571
-23.3425,-49.3722
-24.3245,-50.6176
-27.3711,-53.7585
-29.5782,-50.0644
-29.4482,-51.8044
-24.5153,-50.4176
-26.6876,-53.1545
-25.9311,-49.195
-23.2057,-49.6096
-28.8287,-49.842
-26.8246,-49.269
-26.6127,-50.6607
-28.5712,-52.5955
-27.4022,-54.0814
-22.3698,-46.0971
-22.7421,-46.3728
-24.7246,-53.7412
-29.4782,-54.2244
-29.9841,-50.1322
-29.2977,-52.0532
-28.5097,-49.4634
-27.0026,-51.4084
-28.5537,-49.1565
-27.5239,-52.8956
-29.9291,-51.7075
-27.3033,-49.793
-27.5003,-52.1448
-26.1056,-50.3197
-25.4185,-53.1833
-29.4487,-49.9275
-29.5137,-50.7739
-29.5384,-50.0708
-27.6139,-52.8437
-27.4555,-53.9296
-27.78,-54.2357
-28.4713,-49.0144
-27.6573,-54.4439
-29.1039,-52.9538
-24.9731,-49.0879
-26.9681,-53.6417
-27.9241,-51.5383
-29.0858,-53.8445
-29.4772,-51.4174
-27.7598,-54.4814
-24.5879,-53.5105
-31.4173,-52.1706
-25.0437,-51.5282
-28.9272,-49.6831
-24.5393,-52.9865
-28.0404,-54.686
-29.04,-55.1517
-28.7833,-52.0238
-26.2273,-51.0873
-26.762,-52.8541
-28.0157,-49.5925
-29.7614,-57.0853
-27.9557,-49.8729
-28.518,-49.3238
-28.5079,-50.9418
-29.3919,-51.2559
-29.7864,-52.1857
-29.5967,-52.6839
-28.4758,-51.8447
-22.887,-46.4124
-27.4867,-50.9724
-27.0055,-51.7402
-26.8621,-52.1549
-24.2458,-50.2376
-29.6143,-52.1932
-29.7184,-52.5152
-28.9312,-51.5516
-25.8772,-52.9051
-29.0655,-51.8625
-27.5716,-52.0211
-30.0819,-51.0194
-27.1607,-53.4022
-28.5632,-52.7495
-27.3886,-49.3593
-27.0086,-51.1543
-28.8598,-51.5504
-28.1062,-52.1438
-28.5359,-52.1486
-30.3461,-53.876
-22.3264,-45.0965
-25.3829,-52.1987
-27.3686,-53.4919
-28.8052,-51.7947
-27.2902,-53.6974
-26.8782,-49.8328
-26.2683,-52.7843
-28.3516,-54.504
-22.5368,-45.3626
-23.8742,-49.8032
-29.4263,-51.7645
-26.9275,-49.7947
-29.8065,-50.0519
-26.8747,-52.4036
-27.0667,-52.343
-26.9596,-52.5374
-27.4521,-51.552
-26.9985,-51.5528
-28.1672,-52.031
-26.8794,-52.8568
-27.6963,-48.8243
-27.0754,-52.9808
-22.4733,-46.6314
-27.6936,-52.0505
